Running inference for Year: 2005, Month: 01
[   0.7s] Loading config from: config/inference/infer_fram.yml
[   0.8s] 
============================================================
[   0.8s]  PINN Tracer Inference
[   0.8s] ============================================================
[   0.8s]   Device       : cuda
[   0.8s]   Checkpoint   : /gws/ssde/j25a/nemo/vol4/thopri/OceanTracerPINN/outputs/oxygen18/experiment2/pinn_oxygen18.pt
[   0.8s]   Ocean model  : FramStrait_adjusted_v_fulldepth.nc
[   0.8s]   Target time  : 2005-01
[   0.8s]   MC samples   : 100
[   0.8s]   Output dir   : /gws/ssde/j25a/nemo/vol4/thopri/OceanTracerPINN/outputs/inference_fram
[   0.8s]   Seed         : 42
[   0.8s] 
[   0.8s] ── Loading checkpoint ──────────────────────────────────────
  Checkpoint   : /gws/ssde/j25a/nemo/vol4/thopri/OceanTracerPINN/outputs/oxygen18/experiment2/pinn_oxygen18.pt
  Architecture : hidden_dim=256, n_blocks=4, n_features=9
  Features     : ['sigma0', 'spice', 'log_depth', 'lat_norm', 'lon_sin', 'lon_cos', 'log_speed', 'flow_sin', 'flow_cos']
[   1.0s] 
── Ocean model inference ────────────────────────────────────
[   1.0s]   Directory : FramStrait_adjusted_v_fulldepth.nc
[   1.0s]   Target    : 2005-01
[   1.5s]   Nearest time slice selected: 2005-01-15
  [infer] Valid ocean points: 59,400 / 155,610 (38.2%)

========== INFERENCE FEATURE DIAGNOSTICS ==========
Feature names:
   0: sigma0               raw min=      26.292 max=      28.093 mean=       27.92 std=     0.35448
   1: spice                raw min=      -1.694 max=     0.48877 mean=    -0.13322 std=      0.3575
   2: log_depth            raw min=           0 max=       7.885 mean=      6.8831 std=      1.0084
   3: lat_norm             raw min=     0.98106 max=     0.98106 mean=     0.98106 std=  2.2204e-16
   4: lon_sin              raw min=    -0.35109 max=     0.20574 mean=   -0.074424 std=     0.16242
   5: lon_cos              raw min=     0.93634 max=           1 mean=     0.98376 std=    0.017144
   6: log_speed            raw min=   6.595e-07 max=     0.27004 mean=    0.062792 std=    0.041603
   7: flow_sin             raw min=    -0.90421 max=     0.90614 mean=   -0.061893 std=     0.42879
   8: flow_cos             raw min=    -0.83746 max=     0.83102 mean=    0.042935 std=     0.43839

Scaled features:
   0: sigma0               min=     0.25387 max=     0.95524 mean=     0.88755 std=     0.13818
   1: spice                min=     0.13546 max=      1.1158 mean=     0.83639 std=     0.16076
   2: log_depth            min=     -2.6658 max=      1.7605 mean=     0.98958 std=     0.70816
   3: lat_norm             min=     0.78318 max=     0.78318 mean=     0.78318 std=  1.1102e-16
   4: lon_sin              min=   -0.080766 max=     0.93701 mean=     0.56968 std=     0.16194
   5: lon_cos              min=      1.7303 max=      1.8136 mean=      1.8082 std=   0.0094266
   6: log_speed            min=    -0.55066 max=      8.6396 mean=      1.5863 std=      1.4159
   7: flow_sin             min=     -2.4057 max=      2.5824 mean=    -0.36104 std=      1.8797
   8: flow_cos             min=       -1.23 max=       1.082 mean=    0.086312 std=     0.97555

Scaler:
  mean : [ 2.56404195e+01 -1.99561522e+00  4.73226155e+00  9.56743695e-01
 -2.98489116e-01 -3.12431518e-01  1.61812048e-02 -3.11072317e-02
  5.01891282e-02]
  scale: [2.56774538 2.22660291 1.77520492 0.03104935 0.53812981 0.72367611
 0.02938378 0.36293074 0.72166122]
====================================================


========== MODEL OUTPUT CHECK ==========
min  = -2.888672
max  = 1.225586
mean = 0.057383
std  = 0.485594
========================================
[   2.3s]   Saved NetCDF: /gws/ssde/j25a/nemo/vol4/thopri/OceanTracerPINN/outputs/inference_fram/netcdf/tracer_predicted_2005_01.nc
[   3.4s]   Saved: /gws/ssde/j25a/nemo/vol4/thopri/OceanTracerPINN/outputs/inference_fram/images/model_10m_map_2005_01.png
[   3.4s] 
============================================================
[   3.4s]   All outputs written to: /gws/ssde/j25a/nemo/vol4/thopri/OceanTracerPINN/outputs/inference_fram/
[   3.4s] ============================================================

Running inference for Year: 2005, Month: 02
[   0.5s] Loading config from: config/inference/infer_fram.yml
[   1.1s] 
============================================================
[   1.1s]  PINN Tracer Inference
[   1.1s] ============================================================
[   1.1s]   Device       : cuda
[   1.1s]   Checkpoint   : /gws/ssde/j25a/nemo/vol4/thopri/OceanTracerPINN/outputs/oxygen18/experiment2/pinn_oxygen18.pt
[   1.1s]   Ocean model  : FramStrait_adjusted_v_fulldepth.nc
[   1.1s]   Target time  : 2005-02
[   1.1s]   MC samples   : 100
[   1.1s]   Output dir   : /gws/ssde/j25a/nemo/vol4/thopri/OceanTracerPINN/outputs/inference_fram
[   1.1s]   Seed         : 42
[   1.1s] 
[   1.1s] ── Loading checkpoint ──────────────────────────────────────
  Checkpoint   : /gws/ssde/j25a/nemo/vol4/thopri/OceanTracerPINN/outputs/oxygen18/experiment2/pinn_oxygen18.pt
  Architecture : hidden_dim=256, n_blocks=4, n_features=9
  Features     : ['sigma0', 'spice', 'log_depth', 'lat_norm', 'lon_sin', 'lon_cos', 'log_speed', 'flow_sin', 'flow_cos']
[   2.0s] 
── Ocean model inference ────────────────────────────────────
[   2.0s]   Directory : FramStrait_adjusted_v_fulldepth.nc
[   2.0s]   Target    : 2005-02
[   2.4s]   Nearest time slice selected: 2005-02-15
  [infer] Valid ocean points: 59,400 / 155,610 (38.2%)

========== INFERENCE FEATURE DIAGNOSTICS ==========
Feature names:
   0: sigma0               raw min=      26.333 max=      28.094 mean=      27.919 std=     0.37037
   1: spice                raw min=     -1.6593 max=     0.43984 mean=    -0.13587 std=     0.37233
   2: log_depth            raw min=           0 max=       7.885 mean=      6.8831 std=      1.0084
   3: lat_norm             raw min=     0.98106 max=     0.98106 mean=     0.98106 std=  2.2204e-16
   4: lon_sin              raw min=    -0.35109 max=     0.20574 mean=   -0.074424 std=     0.16242
   5: lon_cos              raw min=     0.93634 max=           1 mean=     0.98376 std=    0.017144
   6: log_speed            raw min=  8.1412e-07 max=     0.22342 mean=    0.049775 std=    0.036264
   7: flow_sin             raw min=    -0.89573 max=     0.90627 mean=    -0.03497 std=     0.43182
   8: flow_cos             raw min=    -0.83746 max=     0.83102 mean=    0.012199 std=     0.44032

Scaled features:
   0: sigma0               min=     0.26961 max=      0.9554 mean=     0.88741 std=     0.14438
   1: spice                min=     0.15104 max=      1.0938 mean=      0.8352 std=     0.16742
   2: log_depth            min=     -2.6658 max=      1.7605 mean=     0.98958 std=     0.70816
   3: lat_norm             min=     0.78318 max=     0.78318 mean=     0.78318 std=  1.1102e-16
   4: lon_sin              min=   -0.080766 max=     0.93701 mean=     0.56968 std=     0.16194
   5: lon_cos              min=      1.7303 max=      1.8136 mean=      1.8082 std=   0.0094266
   6: log_speed            min=    -0.55066 max=      7.0529 mean=      1.1433 std=      1.2341
   7: flow_sin             min=     -2.3823 max=      2.5828 mean=    -0.16671 std=      1.9155
   8: flow_cos             min=       -1.23 max=       1.082 mean=   -0.025262 std=     0.98693

Scaler:
  mean : [ 2.56404195e+01 -1.99561522e+00  4.73226155e+00  9.56743695e-01
 -2.98489116e-01 -3.12431518e-01  1.61812048e-02 -3.11072317e-02
  5.01891282e-02]
  scale: [2.56774538 2.22660291 1.77520492 0.03104935 0.53812981 0.72367611
 0.02938378 0.36293074 0.72166122]
====================================================


========== MODEL OUTPUT CHECK ==========
min  = -2.875000
max  = 1.234375
mean = 0.054648
std  = 0.506990
========================================
[   3.1s]   Saved NetCDF: /gws/ssde/j25a/nemo/vol4/thopri/OceanTracerPINN/outputs/inference_fram/netcdf/tracer_predicted_2005_02.nc
[   4.2s]   Saved: /gws/ssde/j25a/nemo/vol4/thopri/OceanTracerPINN/outputs/inference_fram/images/model_10m_map_2005_02.png
[   4.2s] 
============================================================
[   4.2s]   All outputs written to: /gws/ssde/j25a/nemo/vol4/thopri/OceanTracerPINN/outputs/inference_fram/
[   4.2s] ============================================================

Running inference for Year: 2005, Month: 03
[   0.5s] Loading config from: config/inference/infer_fram.yml
[   0.7s] 
============================================================
[   0.7s]  PINN Tracer Inference
[   0.7s] ============================================================
[   0.7s]   Device       : cuda
[   0.7s]   Checkpoint   : /gws/ssde/j25a/nemo/vol4/thopri/OceanTracerPINN/outputs/oxygen18/experiment2/pinn_oxygen18.pt
[   0.7s]   Ocean model  : FramStrait_adjusted_v_fulldepth.nc
[   0.7s]   Target time  : 2005-03
[   0.7s]   MC samples   : 100
[   0.7s]   Output dir   : /gws/ssde/j25a/nemo/vol4/thopri/OceanTracerPINN/outputs/inference_fram
[   0.7s]   Seed         : 42
[   0.7s] 
[   0.7s] ── Loading checkpoint ──────────────────────────────────────
  Checkpoint   : /gws/ssde/j25a/nemo/vol4/thopri/OceanTracerPINN/outputs/oxygen18/experiment2/pinn_oxygen18.pt
  Architecture : hidden_dim=256, n_blocks=4, n_features=9
  Features     : ['sigma0', 'spice', 'log_depth', 'lat_norm', 'lon_sin', 'lon_cos', 'log_speed', 'flow_sin', 'flow_cos']
[   0.9s] 
── Ocean model inference ────────────────────────────────────
[   0.9s]   Directory : FramStrait_adjusted_v_fulldepth.nc
[   0.9s]   Target    : 2005-03
[   1.3s]   Nearest time slice selected: 2005-03-15
  [infer] Valid ocean points: 59,400 / 155,610 (38.2%)

========== INFERENCE FEATURE DIAGNOSTICS ==========
Feature names:
   0: sigma0               raw min=      26.172 max=      28.093 mean=      27.918 std=     0.38826
   1: spice                raw min=     -1.7974 max=     0.38682 mean=    -0.14369 std=     0.38686
   2: log_depth            raw min=           0 max=       7.885 mean=      6.8831 std=      1.0084
   3: lat_norm             raw min=     0.98106 max=     0.98106 mean=     0.98106 std=  2.2204e-16
   4: lon_sin              raw min=    -0.35109 max=     0.20574 mean=   -0.074424 std=     0.16242
   5: lon_cos              raw min=     0.93634 max=           1 mean=     0.98376 std=    0.017144
   6: log_speed            raw min=  4.7735e-08 max=     0.27014 mean=    0.039273 std=    0.034287
   7: flow_sin             raw min=    -0.89357 max=     0.90628 mean=   -0.068187 std=     0.42784
   8: flow_cos             raw min=    -0.83746 max=     0.83238 mean=    0.045109 std=     0.43817

Scaled features:
   0: sigma0               min=     0.20707 max=     0.95534 mean=     0.88671 std=     0.15136
   1: spice                min=     0.08902 max=        1.07 mean=     0.83168 std=     0.17396
   2: log_depth            min=     -2.6658 max=      1.7605 mean=     0.98958 std=     0.70816
   3: lat_norm             min=     0.78318 max=     0.78318 mean=     0.78318 std=  1.1102e-16
   4: lon_sin              min=   -0.080766 max=     0.93701 mean=     0.56968 std=     0.16194
   5: lon_cos              min=      1.7303 max=      1.8136 mean=      1.8082 std=   0.0094266
   6: log_speed            min=    -0.55068 max=      8.6427 mean=     0.78588 std=      1.1669
   7: flow_sin             min=     -2.3764 max=      2.5828 mean=    -0.40647 std=      1.8684
   8: flow_cos             min=       -1.23 max=      1.0839 mean=    0.094202 std=     0.97426

Scaler:
  mean : [ 2.56404195e+01 -1.99561522e+00  4.73226155e+00  9.56743695e-01
 -2.98489116e-01 -3.12431518e-01  1.61812048e-02 -3.11072317e-02
  5.01891282e-02]
  scale: [2.56774538 2.22660291 1.77520492 0.03104935 0.53812981 0.72367611
 0.02938378 0.36293074 0.72166122]
====================================================


========== MODEL OUTPUT CHECK ==========
min  = -2.996094
max  = 1.370117
mean = 0.059236
std  = 0.522635
========================================
[   2.0s]   Saved NetCDF: /gws/ssde/j25a/nemo/vol4/thopri/OceanTracerPINN/outputs/inference_fram/netcdf/tracer_predicted_2005_03.nc
[   3.1s]   Saved: /gws/ssde/j25a/nemo/vol4/thopri/OceanTracerPINN/outputs/inference_fram/images/model_10m_map_2005_03.png
[   3.1s] 
============================================================
[   3.1s]   All outputs written to: /gws/ssde/j25a/nemo/vol4/thopri/OceanTracerPINN/outputs/inference_fram/
[   3.1s] ============================================================

Running inference for Year: 2005, Month: 04
[   0.5s] Loading config from: config/inference/infer_fram.yml
[   0.7s] 
============================================================
[   0.7s]  PINN Tracer Inference
[   0.7s] ============================================================
[   0.7s]   Device       : cuda
[   0.7s]   Checkpoint   : /gws/ssde/j25a/nemo/vol4/thopri/OceanTracerPINN/outputs/oxygen18/experiment2/pinn_oxygen18.pt
[   0.7s]   Ocean model  : FramStrait_adjusted_v_fulldepth.nc
[   0.7s]   Target time  : 2005-04
[   0.7s]   MC samples   : 100
[   0.7s]   Output dir   : /gws/ssde/j25a/nemo/vol4/thopri/OceanTracerPINN/outputs/inference_fram
[   0.7s]   Seed         : 42
[   0.7s] 
[   0.7s] ── Loading checkpoint ──────────────────────────────────────
  Checkpoint   : /gws/ssde/j25a/nemo/vol4/thopri/OceanTracerPINN/outputs/oxygen18/experiment2/pinn_oxygen18.pt
  Architecture : hidden_dim=256, n_blocks=4, n_features=9
  Features     : ['sigma0', 'spice', 'log_depth', 'lat_norm', 'lon_sin', 'lon_cos', 'log_speed', 'flow_sin', 'flow_cos']
[   0.9s] 
── Ocean model inference ────────────────────────────────────
[   0.9s]   Directory : FramStrait_adjusted_v_fulldepth.nc
[   0.9s]   Target    : 2005-04
[   1.3s]   Nearest time slice selected: 2005-04-15
  [infer] Valid ocean points: 59,400 / 155,610 (38.2%)

========== INFERENCE FEATURE DIAGNOSTICS ==========
Feature names:
   0: sigma0               raw min=      26.241 max=      28.093 mean=      27.916 std=     0.37727
   1: spice                raw min=      -1.738 max=     0.45416 mean=    -0.13379 std=      0.3803
   2: log_depth            raw min=           0 max=       7.885 mean=      6.8831 std=      1.0084
   3: lat_norm             raw min=     0.98106 max=     0.98106 mean=     0.98106 std=  2.2204e-16
   4: lon_sin              raw min=    -0.35109 max=     0.20574 mean=   -0.074424 std=     0.16242
   5: lon_cos              raw min=     0.93634 max=           1 mean=     0.98376 std=    0.017144
   6: log_speed            raw min=  2.4765e-07 max=     0.27451 mean=    0.038496 std=    0.034524
   7: flow_sin             raw min=    -0.90628 max=     0.89895 mean=   -0.070252 std=      0.4275
   8: flow_cos             raw min=    -0.83746 max=     0.83238 mean=    0.056779 std=     0.43681

Scaled features:
   0: sigma0               min=     0.23385 max=     0.95528 mean=     0.88624 std=     0.14707
   1: spice                min=      0.1157 max=      1.1002 mean=     0.83614 std=     0.17101
   2: log_depth            min=     -2.6658 max=      1.7605 mean=     0.98958 std=     0.70816
   3: lat_norm             min=     0.78318 max=     0.78318 mean=     0.78318 std=  1.1102e-16
   4: lon_sin              min=   -0.080766 max=     0.93701 mean=     0.56968 std=     0.16194
   5: lon_cos              min=      1.7303 max=      1.8136 mean=      1.8082 std=   0.0094266
   6: log_speed            min=    -0.55068 max=      8.7916 mean=     0.75942 std=      1.1749
   7: flow_sin             min=     -2.4114 max=      2.5626 mean=    -0.42138 std=      1.8644
   8: flow_cos             min=       -1.23 max=      1.0839 mean=     0.13657 std=     0.96619

Scaler:
  mean : [ 2.56404195e+01 -1.99561522e+00  4.73226155e+00  9.56743695e-01
 -2.98489116e-01 -3.12431518e-01  1.61812048e-02 -3.11072317e-02
  5.01891282e-02]
  scale: [2.56774538 2.22660291 1.77520492 0.03104935 0.53812981 0.72367611
 0.02938378 0.36293074 0.72166122]
====================================================


========== MODEL OUTPUT CHECK ==========
min  = -2.904297
max  = 1.113281
mean = 0.064359
std  = 0.513596
========================================
[   2.0s]   Saved NetCDF: /gws/ssde/j25a/nemo/vol4/thopri/OceanTracerPINN/outputs/inference_fram/netcdf/tracer_predicted_2005_04.nc
[   3.1s]   Saved: /gws/ssde/j25a/nemo/vol4/thopri/OceanTracerPINN/outputs/inference_fram/images/model_10m_map_2005_04.png
[   3.1s] 
============================================================
[   3.1s]   All outputs written to: /gws/ssde/j25a/nemo/vol4/thopri/OceanTracerPINN/outputs/inference_fram/
[   3.1s] ============================================================

Running inference for Year: 2005, Month: 05
[   0.5s] Loading config from: config/inference/infer_fram.yml
[   0.7s] 
============================================================
[   0.7s]  PINN Tracer Inference
[   0.7s] ============================================================
[   0.7s]   Device       : cuda
[   0.7s]   Checkpoint   : /gws/ssde/j25a/nemo/vol4/thopri/OceanTracerPINN/outputs/oxygen18/experiment2/pinn_oxygen18.pt
[   0.7s]   Ocean model  : FramStrait_adjusted_v_fulldepth.nc
[   0.7s]   Target time  : 2005-05
[   0.7s]   MC samples   : 100
[   0.7s]   Output dir   : /gws/ssde/j25a/nemo/vol4/thopri/OceanTracerPINN/outputs/inference_fram
[   0.7s]   Seed         : 42
[   0.7s] 
[   0.7s] ── Loading checkpoint ──────────────────────────────────────
  Checkpoint   : /gws/ssde/j25a/nemo/vol4/thopri/OceanTracerPINN/outputs/oxygen18/experiment2/pinn_oxygen18.pt
  Architecture : hidden_dim=256, n_blocks=4, n_features=9
  Features     : ['sigma0', 'spice', 'log_depth', 'lat_norm', 'lon_sin', 'lon_cos', 'log_speed', 'flow_sin', 'flow_cos']
[   0.9s] 
── Ocean model inference ────────────────────────────────────
[   0.9s]   Directory : FramStrait_adjusted_v_fulldepth.nc
[   0.9s]   Target    : 2005-05
[   1.3s]   Nearest time slice selected: 2005-05-15
  [infer] Valid ocean points: 59,400 / 155,610 (38.2%)

========== INFERENCE FEATURE DIAGNOSTICS ==========
Feature names:
   0: sigma0               raw min=      26.323 max=      28.093 mean=      27.922 std=      0.3609
   1: spice                raw min=     -1.6659 max=     0.40589 mean=    -0.12359 std=     0.37225
   2: log_depth            raw min=           0 max=       7.885 mean=      6.8831 std=      1.0084
   3: lat_norm             raw min=     0.98106 max=     0.98106 mean=     0.98106 std=  2.2204e-16
   4: lon_sin              raw min=    -0.35109 max=     0.20574 mean=   -0.074424 std=     0.16242
   5: lon_cos              raw min=     0.93634 max=           1 mean=     0.98376 std=    0.017144
   6: log_speed            raw min=   6.309e-07 max=     0.25496 mean=    0.037985 std=    0.032187
   7: flow_sin             raw min=    -0.90625 max=     0.89895 mean=   -0.063338 std=     0.42858
   8: flow_cos             raw min=    -0.83746 max=     0.78978 mean=    0.044957 std=     0.43819

Scaled features:
   0: sigma0               min=     0.26574 max=     0.95521 mean=     0.88823 std=     0.14069
   1: spice                min=     0.14807 max=      1.0786 mean=     0.84073 std=     0.16739
   2: log_depth            min=     -2.6658 max=      1.7605 mean=     0.98958 std=     0.70816
   3: lat_norm             min=     0.78318 max=     0.78318 mean=     0.78318 std=  1.1102e-16
   4: lon_sin              min=   -0.080766 max=     0.93701 mean=     0.56968 std=     0.16194
   5: lon_cos              min=      1.7303 max=      1.8136 mean=      1.8082 std=   0.0094266
   6: log_speed            min=    -0.55066 max=      8.1262 mean=     0.74202 std=      1.0954
   7: flow_sin             min=     -2.4113 max=      2.5626 mean=    -0.37147 std=      1.8772
   8: flow_cos             min=       -1.23 max=      1.0248 mean=    0.093653 std=     0.97435

Scaler:
  mean : [ 2.56404195e+01 -1.99561522e+00  4.73226155e+00  9.56743695e-01
 -2.98489116e-01 -3.12431518e-01  1.61812048e-02 -3.11072317e-02
  5.01891282e-02]
  scale: [2.56774538 2.22660291 1.77520492 0.03104935 0.53812981 0.72367611
 0.02938378 0.36293074 0.72166122]
====================================================


========== MODEL OUTPUT CHECK ==========
min  = -2.964844
max  = 1.073242
mean = 0.066710
std  = 0.488943
========================================
[   2.0s]   Saved NetCDF: /gws/ssde/j25a/nemo/vol4/thopri/OceanTracerPINN/outputs/inference_fram/netcdf/tracer_predicted_2005_05.nc
[   3.1s]   Saved: /gws/ssde/j25a/nemo/vol4/thopri/OceanTracerPINN/outputs/inference_fram/images/model_10m_map_2005_05.png
[   3.1s] 
============================================================
[   3.1s]   All outputs written to: /gws/ssde/j25a/nemo/vol4/thopri/OceanTracerPINN/outputs/inference_fram/
[   3.1s] ============================================================

Running inference for Year: 2005, Month: 06
[   0.5s] Loading config from: config/inference/infer_fram.yml
[   0.7s] 
============================================================
[   0.7s]  PINN Tracer Inference
[   0.7s] ============================================================
[   0.7s]   Device       : cuda
[   0.7s]   Checkpoint   : /gws/ssde/j25a/nemo/vol4/thopri/OceanTracerPINN/outputs/oxygen18/experiment2/pinn_oxygen18.pt
[   0.7s]   Ocean model  : FramStrait_adjusted_v_fulldepth.nc
[   0.7s]   Target time  : 2005-06
[   0.7s]   MC samples   : 100
[   0.7s]   Output dir   : /gws/ssde/j25a/nemo/vol4/thopri/OceanTracerPINN/outputs/inference_fram
[   0.7s]   Seed         : 42
[   0.7s] 
[   0.7s] ── Loading checkpoint ──────────────────────────────────────
  Checkpoint   : /gws/ssde/j25a/nemo/vol4/thopri/OceanTracerPINN/outputs/oxygen18/experiment2/pinn_oxygen18.pt
  Architecture : hidden_dim=256, n_blocks=4, n_features=9
  Features     : ['sigma0', 'spice', 'log_depth', 'lat_norm', 'lon_sin', 'lon_cos', 'log_speed', 'flow_sin', 'flow_cos']
[   0.9s] 
── Ocean model inference ────────────────────────────────────
[   0.9s]   Directory : FramStrait_adjusted_v_fulldepth.nc
[   0.9s]   Target    : 2005-06
[   1.3s]   Nearest time slice selected: 2005-06-15
  [infer] Valid ocean points: 59,400 / 155,610 (38.2%)

========== INFERENCE FEATURE DIAGNOSTICS ==========
Feature names:
   0: sigma0               raw min=      26.346 max=      28.093 mean=      27.924 std=     0.34227
   1: spice                raw min=      -1.645 max=     0.49657 mean=    -0.11314 std=     0.35721
   2: log_depth            raw min=           0 max=       7.885 mean=      6.8831 std=      1.0084
   3: lat_norm             raw min=     0.98106 max=     0.98106 mean=     0.98106 std=  2.2204e-16
   4: lon_sin              raw min=    -0.35109 max=     0.20574 mean=   -0.074424 std=     0.16242
   5: lon_cos              raw min=     0.93634 max=           1 mean=     0.98376 std=    0.017144
   6: log_speed            raw min=  9.0849e-07 max=     0.23907 mean=    0.033432 std=    0.023825
   7: flow_sin             raw min=    -0.89681 max=     0.90626 mean=   -0.038017 std=     0.43157
   8: flow_cos             raw min=    -0.83746 max=     0.77616 mean=    0.024446 std=     0.43981

Scaled features:
   0: sigma0               min=     0.27474 max=     0.95532 mean=     0.88927 std=     0.13342
   1: spice                min=     0.15747 max=      1.1193 mean=     0.84544 std=     0.16063
   2: log_depth            min=     -2.6658 max=      1.7605 mean=     0.98958 std=     0.70816
   3: lat_norm             min=     0.78318 max=     0.78318 mean=     0.78318 std=  1.1102e-16
   4: lon_sin              min=   -0.080766 max=     0.93701 mean=     0.56968 std=     0.16194
   5: lon_cos              min=      1.7303 max=      1.8136 mean=      1.8082 std=   0.0094266
   6: log_speed            min=    -0.55065 max=      7.5853 mean=     0.58708 std=     0.81081
   7: flow_sin             min=     -2.3853 max=      2.5828 mean=     -0.1887 std=      1.9125
   8: flow_cos             min=       -1.23 max=       1.006 mean=    0.019195 std=     0.98393

Scaler:
  mean : [ 2.56404195e+01 -1.99561522e+00  4.73226155e+00  9.56743695e-01
 -2.98489116e-01 -3.12431518e-01  1.61812048e-02 -3.11072317e-02
  5.01891282e-02]
  scale: [2.56774538 2.22660291 1.77520492 0.03104935 0.53812981 0.72367611
 0.02938378 0.36293074 0.72166122]
====================================================


========== MODEL OUTPUT CHECK ==========
min  = -2.923828
max  = 1.135742
mean = 0.077856
std  = 0.471782
========================================
[   2.0s]   Saved NetCDF: /gws/ssde/j25a/nemo/vol4/thopri/OceanTracerPINN/outputs/inference_fram/netcdf/tracer_predicted_2005_06.nc
[   3.1s]   Saved: /gws/ssde/j25a/nemo/vol4/thopri/OceanTracerPINN/outputs/inference_fram/images/model_10m_map_2005_06.png
[   3.1s] 
============================================================
[   3.1s]   All outputs written to: /gws/ssde/j25a/nemo/vol4/thopri/OceanTracerPINN/outputs/inference_fram/
[   3.1s] ============================================================

Running inference for Year: 2005, Month: 07
[   0.5s] Loading config from: config/inference/infer_fram.yml
[   0.6s] 
============================================================
[   0.6s]  PINN Tracer Inference
[   0.6s] ============================================================
[   0.6s]   Device       : cuda
[   0.6s]   Checkpoint   : /gws/ssde/j25a/nemo/vol4/thopri/OceanTracerPINN/outputs/oxygen18/experiment2/pinn_oxygen18.pt
[   0.6s]   Ocean model  : FramStrait_adjusted_v_fulldepth.nc
[   0.6s]   Target time  : 2005-07
[   0.6s]   MC samples   : 100
[   0.6s]   Output dir   : /gws/ssde/j25a/nemo/vol4/thopri/OceanTracerPINN/outputs/inference_fram
[   0.6s]   Seed         : 42
[   0.6s] 
[   0.6s] ── Loading checkpoint ──────────────────────────────────────
  Checkpoint   : /gws/ssde/j25a/nemo/vol4/thopri/OceanTracerPINN/outputs/oxygen18/experiment2/pinn_oxygen18.pt
  Architecture : hidden_dim=256, n_blocks=4, n_features=9
  Features     : ['sigma0', 'spice', 'log_depth', 'lat_norm', 'lon_sin', 'lon_cos', 'log_speed', 'flow_sin', 'flow_cos']
[   0.8s] 
── Ocean model inference ────────────────────────────────────
[   0.8s]   Directory : FramStrait_adjusted_v_fulldepth.nc
[   0.8s]   Target    : 2005-07
[   1.2s]   Nearest time slice selected: 2005-07-15
  [infer] Valid ocean points: 59,400 / 155,610 (38.2%)

========== INFERENCE FEATURE DIAGNOSTICS ==========
Feature names:
   0: sigma0               raw min=      26.292 max=      28.094 mean=      27.925 std=     0.33579
   1: spice                raw min=     -1.6708 max=     0.59355 mean=    -0.10729 std=     0.35546
   2: log_depth            raw min=           0 max=       7.885 mean=      6.8831 std=      1.0084
   3: lat_norm             raw min=     0.98106 max=     0.98106 mean=     0.98106 std=  2.2204e-16
   4: lon_sin              raw min=    -0.35109 max=     0.20574 mean=   -0.074424 std=     0.16242
   5: lon_cos              raw min=     0.93634 max=           1 mean=     0.98376 std=    0.017144
   6: log_speed            raw min=  3.8122e-07 max=     0.25929 mean=    0.034529 std=    0.031598
   7: flow_sin             raw min=    -0.89681 max=     0.90627 mean=   -0.064789 std=     0.42837
   8: flow_cos             raw min=    -0.82283 max=     0.83746 mean=     0.05231 std=     0.43737

Scaled features:
   0: sigma0               min=      0.2536 max=     0.95546 mean=     0.88956 std=      0.1309
   1: spice                min=     0.14586 max=      1.1628 mean=     0.84807 std=     0.15984
   2: log_depth            min=     -2.6658 max=      1.7605 mean=     0.98958 std=     0.70816
   3: lat_norm             min=     0.78318 max=     0.78318 mean=     0.78318 std=  1.1102e-16
   4: lon_sin              min=   -0.080766 max=     0.93701 mean=     0.56968 std=     0.16194
   5: lon_cos              min=      1.7303 max=      1.8136 mean=      1.8082 std=   0.0094266
   6: log_speed            min=    -0.55067 max=      8.2737 mean=     0.62443 std=      1.0754
   7: flow_sin             min=     -2.3853 max=      2.5828 mean=    -0.38195 std=      1.8746
   8: flow_cos             min=     -1.2097 max=      1.0909 mean=     0.12034 std=      0.9695

Scaler:
  mean : [ 2.56404195e+01 -1.99561522e+00  4.73226155e+00  9.56743695e-01
 -2.98489116e-01 -3.12431518e-01  1.61812048e-02 -3.11072317e-02
  5.01891282e-02]
  scale: [2.56774538 2.22660291 1.77520492 0.03104935 0.53812981 0.72367611
 0.02938378 0.36293074 0.72166122]
====================================================


========== MODEL OUTPUT CHECK ==========
min  = -2.869141
max  = 1.047852
mean = 0.080379
std  = 0.461418
========================================
[   1.9s]   Saved NetCDF: /gws/ssde/j25a/nemo/vol4/thopri/OceanTracerPINN/outputs/inference_fram/netcdf/tracer_predicted_2005_07.nc
[   3.0s]   Saved: /gws/ssde/j25a/nemo/vol4/thopri/OceanTracerPINN/outputs/inference_fram/images/model_10m_map_2005_07.png
[   3.0s] 
============================================================
[   3.0s]   All outputs written to: /gws/ssde/j25a/nemo/vol4/thopri/OceanTracerPINN/outputs/inference_fram/
[   3.0s] ============================================================

Running inference for Year: 2005, Month: 08
[   0.5s] Loading config from: config/inference/infer_fram.yml
[   0.7s] 
============================================================
[   0.7s]  PINN Tracer Inference
[   0.7s] ============================================================
[   0.7s]   Device       : cuda
[   0.7s]   Checkpoint   : /gws/ssde/j25a/nemo/vol4/thopri/OceanTracerPINN/outputs/oxygen18/experiment2/pinn_oxygen18.pt
[   0.7s]   Ocean model  : FramStrait_adjusted_v_fulldepth.nc
[   0.7s]   Target time  : 2005-08
[   0.7s]   MC samples   : 100
[   0.7s]   Output dir   : /gws/ssde/j25a/nemo/vol4/thopri/OceanTracerPINN/outputs/inference_fram
[   0.7s]   Seed         : 42
[   0.7s] 
[   0.7s] ── Loading checkpoint ──────────────────────────────────────
  Checkpoint   : /gws/ssde/j25a/nemo/vol4/thopri/OceanTracerPINN/outputs/oxygen18/experiment2/pinn_oxygen18.pt
  Architecture : hidden_dim=256, n_blocks=4, n_features=9
  Features     : ['sigma0', 'spice', 'log_depth', 'lat_norm', 'lon_sin', 'lon_cos', 'log_speed', 'flow_sin', 'flow_cos']
[   0.9s] 
── Ocean model inference ────────────────────────────────────
[   0.9s]   Directory : FramStrait_adjusted_v_fulldepth.nc
[   0.9s]   Target    : 2005-08
[   1.2s]   Nearest time slice selected: 2005-08-15
  [infer] Valid ocean points: 59,400 / 155,610 (38.2%)

========== INFERENCE FEATURE DIAGNOSTICS ==========
Feature names:
   0: sigma0               raw min=      25.986 max=      28.094 mean=      27.927 std=     0.30603
   1: spice                raw min=     -1.9221 max=     0.66252 mean=   -0.085518 std=     0.33713
   2: log_depth            raw min=           0 max=       7.885 mean=      6.8831 std=      1.0084
   3: lat_norm             raw min=     0.98106 max=     0.98106 mean=     0.98106 std=  2.2204e-16
   4: lon_sin              raw min=    -0.35109 max=     0.20574 mean=   -0.074424 std=     0.16242
   5: lon_cos              raw min=     0.93634 max=           1 mean=     0.98376 std=    0.017144
   6: log_speed            raw min=    2.27e-06 max=      0.2961 mean=    0.025938 std=    0.025871
   7: flow_sin             raw min=    -0.90628 max=     0.89895 mean=     -0.0387 std=     0.43151
   8: flow_cos             raw min=    -0.83746 max=     0.81445 mean=    0.029169 std=     0.43952

Scaled features:
   0: sigma0               min=     0.13471 max=     0.95555 mean=      0.8904 std=     0.11929
   1: spice                min=    0.033032 max=      1.1938 mean=     0.85787 std=      0.1516
   2: log_depth            min=     -2.6658 max=      1.7605 mean=     0.98958 std=     0.70816
   3: lat_norm             min=     0.78318 max=     0.78318 mean=     0.78318 std=  1.1102e-16
   4: lon_sin              min=   -0.080766 max=     0.93701 mean=     0.56968 std=     0.16194
   5: lon_cos              min=      1.7303 max=      1.8136 mean=      1.8082 std=   0.0094266
   6: log_speed            min=    -0.55061 max=      9.5264 mean=     0.33206 std=     0.88045
   7: flow_sin             min=     -2.4114 max=      2.5626 mean=    -0.19363 std=      1.9118
   8: flow_cos             min=       -1.23 max=       1.059 mean=    0.036341 std=     0.98223

Scaler:
  mean : [ 2.56404195e+01 -1.99561522e+00  4.73226155e+00  9.56743695e-01
 -2.98489116e-01 -3.12431518e-01  1.61812048e-02 -3.11072317e-02
  5.01891282e-02]
  scale: [2.56774538 2.22660291 1.77520492 0.03104935 0.53812981 0.72367611
 0.02938378 0.36293074 0.72166122]
====================================================


========== MODEL OUTPUT CHECK ==========
min  = -2.865234
max  = 1.106445
mean = 0.098885
std  = 0.434384
========================================
[   2.0s]   Saved NetCDF: /gws/ssde/j25a/nemo/vol4/thopri/OceanTracerPINN/outputs/inference_fram/netcdf/tracer_predicted_2005_08.nc
[   3.1s]   Saved: /gws/ssde/j25a/nemo/vol4/thopri/OceanTracerPINN/outputs/inference_fram/images/model_10m_map_2005_08.png
[   3.1s] 
============================================================
[   3.1s]   All outputs written to: /gws/ssde/j25a/nemo/vol4/thopri/OceanTracerPINN/outputs/inference_fram/
[   3.1s] ============================================================

Running inference for Year: 2005, Month: 09
[   0.5s] Loading config from: config/inference/infer_fram.yml
[   0.7s] 
============================================================
[   0.7s]  PINN Tracer Inference
[   0.7s] ============================================================
[   0.7s]   Device       : cuda
[   0.7s]   Checkpoint   : /gws/ssde/j25a/nemo/vol4/thopri/OceanTracerPINN/outputs/oxygen18/experiment2/pinn_oxygen18.pt
[   0.7s]   Ocean model  : FramStrait_adjusted_v_fulldepth.nc
[   0.7s]   Target time  : 2005-09
[   0.7s]   MC samples   : 100
[   0.7s]   Output dir   : /gws/ssde/j25a/nemo/vol4/thopri/OceanTracerPINN/outputs/inference_fram
[   0.7s]   Seed         : 42
[   0.7s] 
[   0.7s] ── Loading checkpoint ──────────────────────────────────────
  Checkpoint   : /gws/ssde/j25a/nemo/vol4/thopri/OceanTracerPINN/outputs/oxygen18/experiment2/pinn_oxygen18.pt
  Architecture : hidden_dim=256, n_blocks=4, n_features=9
  Features     : ['sigma0', 'spice', 'log_depth', 'lat_norm', 'lon_sin', 'lon_cos', 'log_speed', 'flow_sin', 'flow_cos']
[   0.9s] 
── Ocean model inference ────────────────────────────────────
[   0.9s]   Directory : FramStrait_adjusted_v_fulldepth.nc
[   0.9s]   Target    : 2005-09
[   1.3s]   Nearest time slice selected: 2005-09-15
  [infer] Valid ocean points: 59,400 / 155,610 (38.2%)

========== INFERENCE FEATURE DIAGNOSTICS ==========
Feature names:
   0: sigma0               raw min=      24.305 max=      28.094 mean=      27.919 std=     0.32313
   1: spice                raw min=     -3.3459 max=     0.73472 mean=   -0.084776 std=     0.35128
   2: log_depth            raw min=           0 max=       7.885 mean=      6.8831 std=      1.0084
   3: lat_norm             raw min=     0.98106 max=     0.98106 mean=     0.98106 std=  2.2204e-16
   4: lon_sin              raw min=    -0.35109 max=     0.20574 mean=   -0.074424 std=     0.16242
   5: lon_cos              raw min=     0.93634 max=           1 mean=     0.98376 std=    0.017144
   6: log_speed            raw min=     1.7e-06 max=     0.22557 mean=    0.035942 std=    0.027856
   7: flow_sin             raw min=    -0.90421 max=     0.90628 mean=   -0.042359 std=     0.43116
   8: flow_cos             raw min=    -0.83746 max=     0.83746 mean=    0.024007 std=     0.43983

Scaled features:
   0: sigma0               min=    -0.52026 max=     0.95546 mean=     0.88741 std=     0.12596
   1: spice                min=    -0.60642 max=      1.2262 mean=     0.85821 std=     0.15796
   2: log_depth            min=     -2.6658 max=      1.7605 mean=     0.98958 std=     0.70816
   3: lat_norm             min=     0.78318 max=     0.78318 mean=     0.78318 std=  1.1102e-16
   4: lon_sin              min=   -0.080766 max=     0.93701 mean=     0.56968 std=     0.16194
   5: lon_cos              min=      1.7303 max=      1.8136 mean=      1.8082 std=   0.0094266
   6: log_speed            min=    -0.55063 max=      7.1261 mean=      0.6725 std=       0.948
   7: flow_sin             min=     -2.4057 max=      2.5828 mean=    -0.22004 std=      1.9077
   8: flow_cos             min=       -1.23 max=      1.0909 mean=      0.0176 std=     0.98407

Scaler:
  mean : [ 2.56404195e+01 -1.99561522e+00  4.73226155e+00  9.56743695e-01
 -2.98489116e-01 -3.12431518e-01  1.61812048e-02 -3.11072317e-02
  5.01891282e-02]
  scale: [2.56774538 2.22660291 1.77520492 0.03104935 0.53812981 0.72367611
 0.02938378 0.36293074 0.72166122]
====================================================


========== MODEL OUTPUT CHECK ==========
min  = -3.599609
max  = 0.974121
mean = 0.082795
std  = 0.449116
========================================
[   2.0s]   Saved NetCDF: /gws/ssde/j25a/nemo/vol4/thopri/OceanTracerPINN/outputs/inference_fram/netcdf/tracer_predicted_2005_09.nc
[   3.1s]   Saved: /gws/ssde/j25a/nemo/vol4/thopri/OceanTracerPINN/outputs/inference_fram/images/model_10m_map_2005_09.png
[   3.1s] 
============================================================
[   3.1s]   All outputs written to: /gws/ssde/j25a/nemo/vol4/thopri/OceanTracerPINN/outputs/inference_fram/
[   3.1s] ============================================================

Running inference for Year: 2005, Month: 10
[   0.6s] Loading config from: config/inference/infer_fram.yml
[   0.7s] 
============================================================
[   0.7s]  PINN Tracer Inference
[   0.7s] ============================================================
[   0.7s]   Device       : cuda
[   0.7s]   Checkpoint   : /gws/ssde/j25a/nemo/vol4/thopri/OceanTracerPINN/outputs/oxygen18/experiment2/pinn_oxygen18.pt
[   0.7s]   Ocean model  : FramStrait_adjusted_v_fulldepth.nc
[   0.7s]   Target time  : 2005-10
[   0.7s]   MC samples   : 100
[   0.7s]   Output dir   : /gws/ssde/j25a/nemo/vol4/thopri/OceanTracerPINN/outputs/inference_fram
[   0.7s]   Seed         : 42
[   0.7s] 
[   0.7s] ── Loading checkpoint ──────────────────────────────────────
  Checkpoint   : /gws/ssde/j25a/nemo/vol4/thopri/OceanTracerPINN/outputs/oxygen18/experiment2/pinn_oxygen18.pt
  Architecture : hidden_dim=256, n_blocks=4, n_features=9
  Features     : ['sigma0', 'spice', 'log_depth', 'lat_norm', 'lon_sin', 'lon_cos', 'log_speed', 'flow_sin', 'flow_cos']
[   0.9s] 
── Ocean model inference ────────────────────────────────────
[   0.9s]   Directory : FramStrait_adjusted_v_fulldepth.nc
[   0.9s]   Target    : 2005-10
[   1.4s]   Nearest time slice selected: 2005-10-15
  [infer] Valid ocean points: 59,400 / 155,610 (38.2%)

========== INFERENCE FEATURE DIAGNOSTICS ==========
Feature names:
   0: sigma0               raw min=      24.032 max=      28.094 mean=      27.914 std=     0.33948
   1: spice                raw min=     -3.6053 max=     0.64922 mean=     -0.1002 std=     0.35837
   2: log_depth            raw min=           0 max=       7.885 mean=      6.8831 std=      1.0084
   3: lat_norm             raw min=     0.98106 max=     0.98106 mean=     0.98106 std=  2.2204e-16
   4: lon_sin              raw min=    -0.35109 max=     0.20574 mean=   -0.074424 std=     0.16242
   5: lon_cos              raw min=     0.93634 max=           1 mean=     0.98376 std=    0.017144
   6: log_speed            raw min=  1.5654e-07 max=     0.23453 mean=    0.037666 std=    0.031091
   7: flow_sin             raw min=    -0.90627 max=     0.90421 mean=   -0.024203 std=     0.43256
   8: flow_cos             raw min=    -0.82283 max=     0.83746 mean=   0.0087743 std=      0.4404

Scaled features:
   0: sigma0               min=    -0.62641 max=     0.95544 mean=     0.88518 std=     0.13233
   1: spice                min=    -0.72292 max=      1.1878 mean=     0.85126 std=     0.16115
   2: log_depth            min=     -2.6658 max=      1.7605 mean=     0.98958 std=     0.70816
   3: lat_norm             min=     0.78318 max=     0.78318 mean=     0.78318 std=  1.1102e-16
   4: lon_sin              min=   -0.080766 max=     0.93701 mean=     0.56968 std=     0.16194
   5: lon_cos              min=      1.7303 max=      1.8136 mean=      1.8082 std=   0.0094266
   6: log_speed            min=    -0.55068 max=      7.4311 mean=     0.73118 std=      1.0581
   7: flow_sin             min=     -2.4114 max=      2.5771 mean=   -0.088988 std=      1.9242
   8: flow_cos             min=     -1.2097 max=      1.0909 mean=   -0.037695 std=     0.98741

Scaler:
  mean : [ 2.56404195e+01 -1.99561522e+00  4.73226155e+00  9.56743695e-01
 -2.98489116e-01 -3.12431518e-01  1.61812048e-02 -3.11072317e-02
  5.01891282e-02]
  scale: [2.56774538 2.22660291 1.77520492 0.03104935 0.53812981 0.72367611
 0.02938378 0.36293074 0.72166122]
====================================================


========== MODEL OUTPUT CHECK ==========
min  = -3.712891
max  = 1.094727
mean = 0.070887
std  = 0.468888
========================================
[   2.1s]   Saved NetCDF: /gws/ssde/j25a/nemo/vol4/thopri/OceanTracerPINN/outputs/inference_fram/netcdf/tracer_predicted_2005_10.nc
[   3.2s]   Saved: /gws/ssde/j25a/nemo/vol4/thopri/OceanTracerPINN/outputs/inference_fram/images/model_10m_map_2005_10.png
[   3.2s] 
============================================================
[   3.2s]   All outputs written to: /gws/ssde/j25a/nemo/vol4/thopri/OceanTracerPINN/outputs/inference_fram/
[   3.2s] ============================================================

Running inference for Year: 2005, Month: 11
[   0.5s] Loading config from: config/inference/infer_fram.yml
[   0.7s] 
============================================================
[   0.7s]  PINN Tracer Inference
[   0.7s] ============================================================
[   0.7s]   Device       : cuda
[   0.7s]   Checkpoint   : /gws/ssde/j25a/nemo/vol4/thopri/OceanTracerPINN/outputs/oxygen18/experiment2/pinn_oxygen18.pt
[   0.7s]   Ocean model  : FramStrait_adjusted_v_fulldepth.nc
[   0.7s]   Target time  : 2005-11
[   0.7s]   MC samples   : 100
[   0.7s]   Output dir   : /gws/ssde/j25a/nemo/vol4/thopri/OceanTracerPINN/outputs/inference_fram
[   0.7s]   Seed         : 42
[   0.7s] 
[   0.7s] ── Loading checkpoint ──────────────────────────────────────
  Checkpoint   : /gws/ssde/j25a/nemo/vol4/thopri/OceanTracerPINN/outputs/oxygen18/experiment2/pinn_oxygen18.pt
  Architecture : hidden_dim=256, n_blocks=4, n_features=9
  Features     : ['sigma0', 'spice', 'log_depth', 'lat_norm', 'lon_sin', 'lon_cos', 'log_speed', 'flow_sin', 'flow_cos']
[   0.9s] 
── Ocean model inference ────────────────────────────────────
[   0.9s]   Directory : FramStrait_adjusted_v_fulldepth.nc
[   0.9s]   Target    : 2005-11
[   1.3s]   Nearest time slice selected: 2005-11-15
  [infer] Valid ocean points: 59,400 / 155,610 (38.2%)

========== INFERENCE FEATURE DIAGNOSTICS ==========
Feature names:
   0: sigma0               raw min=      24.963 max=      28.094 mean=      27.914 std=     0.33767
   1: spice                raw min=     -2.8124 max=     0.53218 mean=    -0.10097 std=     0.36338
   2: log_depth            raw min=           0 max=       7.885 mean=      6.8831 std=      1.0084
   3: lat_norm             raw min=     0.98106 max=     0.98106 mean=     0.98106 std=  2.2204e-16
   4: lon_sin              raw min=    -0.35109 max=     0.20574 mean=   -0.074424 std=     0.16242
   5: lon_cos              raw min=     0.93634 max=           1 mean=     0.98376 std=    0.017144
   6: log_speed            raw min=  1.0661e-06 max=     0.24817 mean=    0.031484 std=    0.029315
   7: flow_sin             raw min=    -0.90421 max=     0.90628 mean=   -0.081895 std=     0.42543
   8: flow_cos             raw min=    -0.83746 max=     0.77156 mean=    0.066482 std=     0.43544

Scaled features:
   0: sigma0               min=    -0.26381 max=     0.95541 mean=     0.88524 std=     0.13162
   1: spice                min=    -0.36681 max=      1.1353 mean=     0.85091 std=      0.1634
   2: log_depth            min=     -2.6658 max=      1.7605 mean=     0.98958 std=     0.70816
   3: lat_norm             min=     0.78318 max=     0.78318 mean=     0.78318 std=  1.1102e-16
   4: lon_sin              min=   -0.080766 max=     0.93701 mean=     0.56968 std=     0.16194
   5: lon_cos              min=      1.7303 max=      1.8136 mean=      1.8082 std=   0.0094266
   6: log_speed            min=    -0.55065 max=       7.895 mean=      0.5208 std=     0.99765
   7: flow_sin             min=     -2.4057 max=      2.5828 mean=    -0.50542 std=      1.8394
   8: flow_cos             min=       -1.23 max=     0.99959 mean=     0.17179 std=       0.958

Scaler:
  mean : [ 2.56404195e+01 -1.99561522e+00  4.73226155e+00  9.56743695e-01
 -2.98489116e-01 -3.12431518e-01  1.61812048e-02 -3.11072317e-02
  5.01891282e-02]
  scale: [2.56774538 2.22660291 1.77520492 0.03104935 0.53812981 0.72367611
 0.02938378 0.36293074 0.72166122]
====================================================


========== MODEL OUTPUT CHECK ==========
min  = -3.214844
max  = 1.110352
mean = 0.071683
std  = 0.475742
========================================
[   2.0s]   Saved NetCDF: /gws/ssde/j25a/nemo/vol4/thopri/OceanTracerPINN/outputs/inference_fram/netcdf/tracer_predicted_2005_11.nc
[   3.1s]   Saved: /gws/ssde/j25a/nemo/vol4/thopri/OceanTracerPINN/outputs/inference_fram/images/model_10m_map_2005_11.png
[   3.1s] 
============================================================
[   3.1s]   All outputs written to: /gws/ssde/j25a/nemo/vol4/thopri/OceanTracerPINN/outputs/inference_fram/
[   3.1s] ============================================================

Running inference for Year: 2005, Month: 12
[   0.5s] Loading config from: config/inference/infer_fram.yml
[   0.7s] 
============================================================
[   0.7s]  PINN Tracer Inference
[   0.7s] ============================================================
[   0.7s]   Device       : cuda
[   0.7s]   Checkpoint   : /gws/ssde/j25a/nemo/vol4/thopri/OceanTracerPINN/outputs/oxygen18/experiment2/pinn_oxygen18.pt
[   0.7s]   Ocean model  : FramStrait_adjusted_v_fulldepth.nc
[   0.7s]   Target time  : 2005-12
[   0.7s]   MC samples   : 100
[   0.7s]   Output dir   : /gws/ssde/j25a/nemo/vol4/thopri/OceanTracerPINN/outputs/inference_fram
[   0.7s]   Seed         : 42
[   0.7s] 
[   0.7s] ── Loading checkpoint ──────────────────────────────────────
  Checkpoint   : /gws/ssde/j25a/nemo/vol4/thopri/OceanTracerPINN/outputs/oxygen18/experiment2/pinn_oxygen18.pt
  Architecture : hidden_dim=256, n_blocks=4, n_features=9
  Features     : ['sigma0', 'spice', 'log_depth', 'lat_norm', 'lon_sin', 'lon_cos', 'log_speed', 'flow_sin', 'flow_cos']
[   0.9s] 
── Ocean model inference ────────────────────────────────────
[   0.9s]   Directory : FramStrait_adjusted_v_fulldepth.nc
[   0.9s]   Target    : 2005-12
[   1.3s]   Nearest time slice selected: 2005-12-15
  [infer] Valid ocean points: 59,400 / 155,610 (38.2%)

========== INFERENCE FEATURE DIAGNOSTICS ==========
Feature names:
   0: sigma0               raw min=      25.647 max=      28.093 mean=      27.923 std=      0.3297
   1: spice                raw min=     -2.2268 max=     0.58837 mean=    -0.10444 std=     0.35237
   2: log_depth            raw min=           0 max=       7.885 mean=      6.8831 std=      1.0084
   3: lat_norm             raw min=     0.98106 max=     0.98106 mean=     0.98106 std=  2.2204e-16
   4: lon_sin              raw min=    -0.35109 max=     0.20574 mean=   -0.074424 std=     0.16242
   5: lon_cos              raw min=     0.93634 max=           1 mean=     0.98376 std=    0.017144
   6: log_speed            raw min=  1.0328e-06 max=     0.27977 mean=    0.035373 std=    0.030468
   7: flow_sin             raw min=    -0.90627 max=     0.89895 mean=    -0.07458 std=     0.42677
   8: flow_cos             raw min=    -0.83746 max=     0.77156 mean=    0.057784 std=     0.43668

Scaled features:
   0: sigma0               min=   0.0027492 max=     0.95516 mean=     0.88859 std=     0.12852
   1: spice                min=    -0.10383 max=      1.1605 mean=     0.84935 std=     0.15845
   2: log_depth            min=     -2.6658 max=      1.7605 mean=     0.98958 std=     0.70816
   3: lat_norm             min=     0.78318 max=     0.78318 mean=     0.78318 std=  1.1102e-16
   4: lon_sin              min=   -0.080766 max=     0.93701 mean=     0.56968 std=     0.16194
   5: lon_cos              min=      1.7303 max=      1.8136 mean=      1.8082 std=   0.0094266
   6: log_speed            min=    -0.55065 max=      8.9705 mean=     0.65314 std=      1.0369
   7: flow_sin             min=     -2.4114 max=      2.5626 mean=    -0.45262 std=      1.8556
   8: flow_cos             min=       -1.23 max=     0.99959 mean=     0.14022 std=      0.9654

Scaler:
  mean : [ 2.56404195e+01 -1.99561522e+00  4.73226155e+00  9.56743695e-01
 -2.98489116e-01 -3.12431518e-01  1.61812048e-02 -3.11072317e-02
  5.01891282e-02]
  scale: [2.56774538 2.22660291 1.77520492 0.03104935 0.53812981 0.72367611
 0.02938378 0.36293074 0.72166122]
====================================================


========== MODEL OUTPUT CHECK ==========
min  = -2.845703
max  = 1.150391
mean = 0.073672
std  = 0.468082
========================================
[   2.0s]   Saved NetCDF: /gws/ssde/j25a/nemo/vol4/thopri/OceanTracerPINN/outputs/inference_fram/netcdf/tracer_predicted_2005_12.nc
[   3.1s]   Saved: /gws/ssde/j25a/nemo/vol4/thopri/OceanTracerPINN/outputs/inference_fram/images/model_10m_map_2005_12.png
[   3.1s] 
============================================================
[   3.1s]   All outputs written to: /gws/ssde/j25a/nemo/vol4/thopri/OceanTracerPINN/outputs/inference_fram/
[   3.1s] ============================================================

Running inference for Year: 2006, Month: 01
[   0.5s] Loading config from: config/inference/infer_fram.yml
[   0.7s] 
============================================================
[   0.7s]  PINN Tracer Inference
[   0.7s] ============================================================
[   0.7s]   Device       : cuda
[   0.7s]   Checkpoint   : /gws/ssde/j25a/nemo/vol4/thopri/OceanTracerPINN/outputs/oxygen18/experiment2/pinn_oxygen18.pt
[   0.7s]   Ocean model  : FramStrait_adjusted_v_fulldepth.nc
[   0.7s]   Target time  : 2006-01
[   0.7s]   MC samples   : 100
[   0.7s]   Output dir   : /gws/ssde/j25a/nemo/vol4/thopri/OceanTracerPINN/outputs/inference_fram
[   0.7s]   Seed         : 42
[   0.7s] 
[   0.7s] ── Loading checkpoint ──────────────────────────────────────
  Checkpoint   : /gws/ssde/j25a/nemo/vol4/thopri/OceanTracerPINN/outputs/oxygen18/experiment2/pinn_oxygen18.pt
  Architecture : hidden_dim=256, n_blocks=4, n_features=9
  Features     : ['sigma0', 'spice', 'log_depth', 'lat_norm', 'lon_sin', 'lon_cos', 'log_speed', 'flow_sin', 'flow_cos']
[   0.9s] 
── Ocean model inference ────────────────────────────────────
[   0.9s]   Directory : FramStrait_adjusted_v_fulldepth.nc
[   0.9s]   Target    : 2006-01
[   1.3s]   Nearest time slice selected: 2006-01-15
  [infer] Valid ocean points: 59,400 / 155,610 (38.2%)

========== INFERENCE FEATURE DIAGNOSTICS ==========
Feature names:
   0: sigma0               raw min=      25.778 max=      28.093 mean=      27.924 std=     0.32649
   1: spice                raw min=     -2.1155 max=        0.48 mean=    -0.10945 std=     0.34555
   2: log_depth            raw min=           0 max=       7.885 mean=      6.8831 std=      1.0084
   3: lat_norm             raw min=     0.98106 max=     0.98106 mean=     0.98106 std=  2.2204e-16
   4: lon_sin              raw min=    -0.35109 max=     0.20574 mean=   -0.074424 std=     0.16242
   5: lon_cos              raw min=     0.93634 max=           1 mean=     0.98376 std=    0.017144
   6: log_speed            raw min=  2.4007e-06 max=     0.30003 mean=    0.043005 std=     0.03174
   7: flow_sin             raw min=    -0.90628 max=     0.89895 mean=   -0.058875 std=     0.42922
   8: flow_cos             raw min=    -0.83746 max=     0.77922 mean=    0.043302 std=     0.43835

Scaled features:
   0: sigma0               min=    0.053529 max=     0.95529 mean=     0.88924 std=     0.12727
   1: spice                min=   -0.053835 max=      1.1118 mean=      0.8471 std=     0.15539
   2: log_depth            min=     -2.6658 max=      1.7605 mean=     0.98958 std=     0.70816
   3: lat_norm             min=     0.78318 max=     0.78318 mean=     0.78318 std=  1.1102e-16
   4: lon_sin              min=   -0.080766 max=     0.93701 mean=     0.56968 std=     0.16194
   5: lon_cos              min=      1.7303 max=      1.8136 mean=      1.8082 std=   0.0094266
   6: log_speed            min=     -0.5506 max=      9.6602 mean=     0.91289 std=      1.0802
   7: flow_sin             min=     -2.4114 max=      2.5626 mean=    -0.33926 std=      1.8848
   8: flow_cos             min=       -1.23 max=      1.0102 mean=    0.087643 std=     0.97534

Scaler:
  mean : [ 2.56404195e+01 -1.99561522e+00  4.73226155e+00  9.56743695e-01
 -2.98489116e-01 -3.12431518e-01  1.61812048e-02 -3.11072317e-02
  5.01891282e-02]
  scale: [2.56774538 2.22660291 1.77520492 0.03104935 0.53812981 0.72367611
 0.02938378 0.36293074 0.72166122]
====================================================


========== MODEL OUTPUT CHECK ==========
min  = -2.845703
max  = 1.165039
mean = 0.072682
std  = 0.466884
========================================
[   2.0s]   Saved NetCDF: /gws/ssde/j25a/nemo/vol4/thopri/OceanTracerPINN/outputs/inference_fram/netcdf/tracer_predicted_2006_01.nc
[   3.1s]   Saved: /gws/ssde/j25a/nemo/vol4/thopri/OceanTracerPINN/outputs/inference_fram/images/model_10m_map_2006_01.png
[   3.1s] 
============================================================
[   3.1s]   All outputs written to: /gws/ssde/j25a/nemo/vol4/thopri/OceanTracerPINN/outputs/inference_fram/
[   3.1s] ============================================================

Running inference for Year: 2006, Month: 02
[   0.5s] Loading config from: config/inference/infer_fram.yml
[   0.8s] 
============================================================
[   0.8s]  PINN Tracer Inference
[   0.8s] ============================================================
[   0.8s]   Device       : cuda
[   0.8s]   Checkpoint   : /gws/ssde/j25a/nemo/vol4/thopri/OceanTracerPINN/outputs/oxygen18/experiment2/pinn_oxygen18.pt
[   0.8s]   Ocean model  : FramStrait_adjusted_v_fulldepth.nc
[   0.8s]   Target time  : 2006-02
[   0.8s]   MC samples   : 100
[   0.8s]   Output dir   : /gws/ssde/j25a/nemo/vol4/thopri/OceanTracerPINN/outputs/inference_fram
[   0.8s]   Seed         : 42
[   0.8s] 
[   0.8s] ── Loading checkpoint ──────────────────────────────────────
  Checkpoint   : /gws/ssde/j25a/nemo/vol4/thopri/OceanTracerPINN/outputs/oxygen18/experiment2/pinn_oxygen18.pt
  Architecture : hidden_dim=256, n_blocks=4, n_features=9
  Features     : ['sigma0', 'spice', 'log_depth', 'lat_norm', 'lon_sin', 'lon_cos', 'log_speed', 'flow_sin', 'flow_cos']
[   0.9s] 
── Ocean model inference ────────────────────────────────────
[   0.9s]   Directory : FramStrait_adjusted_v_fulldepth.nc
[   0.9s]   Target    : 2006-02
[   1.3s]   Nearest time slice selected: 2006-02-15
  [infer] Valid ocean points: 59,400 / 155,610 (38.2%)

========== INFERENCE FEATURE DIAGNOSTICS ==========
Feature names:
   0: sigma0               raw min=      26.032 max=      28.094 mean=      27.915 std=     0.37109
   1: spice                raw min=     -1.8996 max=     0.47298 mean=    -0.12052 std=     0.38286
   2: log_depth            raw min=           0 max=       7.885 mean=      6.8831 std=      1.0084
   3: lat_norm             raw min=     0.98106 max=     0.98106 mean=     0.98106 std=  2.2204e-16
   4: lon_sin              raw min=    -0.35109 max=     0.20574 mean=   -0.074424 std=     0.16242
   5: lon_cos              raw min=     0.93634 max=           1 mean=     0.98376 std=    0.017144
   6: log_speed            raw min=  1.2636e-07 max=     0.25271 mean=    0.036697 std=    0.030522
   7: flow_sin             raw min=    -0.90628 max=     0.89895 mean=   -0.038055 std=     0.43156
   8: flow_cos             raw min=    -0.81865 max=     0.83746 mean=    0.022203 std=     0.43993

Scaled features:
   0: sigma0               min=     0.15232 max=     0.95548 mean=     0.88555 std=     0.14466
   1: spice                min=     0.04314 max=      1.1087 mean=     0.84211 std=     0.17216
   2: log_depth            min=     -2.6658 max=      1.7605 mean=     0.98958 std=     0.70816
   3: lat_norm             min=     0.78318 max=     0.78318 mean=     0.78318 std=  1.1102e-16
   4: lon_sin              min=   -0.080766 max=     0.93701 mean=     0.56968 std=     0.16194
   5: lon_cos              min=      1.7303 max=      1.8136 mean=      1.8082 std=   0.0094266
   6: log_speed            min=    -0.55068 max=      8.0496 mean=     0.69819 std=      1.0387
   7: flow_sin             min=     -2.4114 max=      2.5626 mean=    -0.18898 std=      1.9125
   8: flow_cos             min=     -1.2039 max=      1.0909 mean=    0.011051 std=     0.98463

Scaler:
  mean : [ 2.56404195e+01 -1.99561522e+00  4.73226155e+00  9.56743695e-01
 -2.98489116e-01 -3.12431518e-01  1.61812048e-02 -3.11072317e-02
  5.01891282e-02]
  scale: [2.56774538 2.22660291 1.77520492 0.03104935 0.53812981 0.72367611
 0.02938378 0.36293074 0.72166122]
====================================================


========== MODEL OUTPUT CHECK ==========
min  = -2.904297
max  = 1.123047
mean = 0.075884
std  = 0.493992
========================================
[   2.0s]   Saved NetCDF: /gws/ssde/j25a/nemo/vol4/thopri/OceanTracerPINN/outputs/inference_fram/netcdf/tracer_predicted_2006_02.nc
[   3.2s]   Saved: /gws/ssde/j25a/nemo/vol4/thopri/OceanTracerPINN/outputs/inference_fram/images/model_10m_map_2006_02.png
[   3.2s] 
============================================================
[   3.2s]   All outputs written to: /gws/ssde/j25a/nemo/vol4/thopri/OceanTracerPINN/outputs/inference_fram/
[   3.2s] ============================================================

Running inference for Year: 2006, Month: 03
[   0.5s] Loading config from: config/inference/infer_fram.yml
[   0.9s] 
============================================================
[   0.9s]  PINN Tracer Inference
[   0.9s] ============================================================
[   0.9s]   Device       : cuda
[   0.9s]   Checkpoint   : /gws/ssde/j25a/nemo/vol4/thopri/OceanTracerPINN/outputs/oxygen18/experiment2/pinn_oxygen18.pt
[   0.9s]   Ocean model  : FramStrait_adjusted_v_fulldepth.nc
[   0.9s]   Target time  : 2006-03
[   0.9s]   MC samples   : 100
[   0.9s]   Output dir   : /gws/ssde/j25a/nemo/vol4/thopri/OceanTracerPINN/outputs/inference_fram
[   0.9s]   Seed         : 42
[   0.9s] 
[   0.9s] ── Loading checkpoint ──────────────────────────────────────
  Checkpoint   : /gws/ssde/j25a/nemo/vol4/thopri/OceanTracerPINN/outputs/oxygen18/experiment2/pinn_oxygen18.pt
  Architecture : hidden_dim=256, n_blocks=4, n_features=9
  Features     : ['sigma0', 'spice', 'log_depth', 'lat_norm', 'lon_sin', 'lon_cos', 'log_speed', 'flow_sin', 'flow_cos']
[   1.6s] 
── Ocean model inference ────────────────────────────────────
[   1.6s]   Directory : FramStrait_adjusted_v_fulldepth.nc
[   1.6s]   Target    : 2006-03
[   1.9s]   Nearest time slice selected: 2006-03-15
  [infer] Valid ocean points: 59,400 / 155,610 (38.2%)

========== INFERENCE FEATURE DIAGNOSTICS ==========
Feature names:
   0: sigma0               raw min=      26.026 max=      28.093 mean=      27.916 std=     0.37222
   1: spice                raw min=     -1.9035 max=     0.37452 mean=    -0.12804 std=     0.37621
   2: log_depth            raw min=           0 max=       7.885 mean=      6.8831 std=      1.0084
   3: lat_norm             raw min=     0.98106 max=     0.98106 mean=     0.98106 std=  2.2204e-16
   4: lon_sin              raw min=    -0.35109 max=     0.20574 mean=   -0.074424 std=     0.16242
   5: lon_cos              raw min=     0.93634 max=           1 mean=     0.98376 std=    0.017144
   6: log_speed            raw min=  1.1112e-06 max=     0.27051 mean=    0.034635 std=    0.032183
   7: flow_sin             raw min=    -0.90628 max=     0.90421 mean=   -0.084528 std=     0.42491
   8: flow_cos             raw min=    -0.82283 max=     0.83746 mean=    0.069943 std=      0.4349

Scaled features:
   0: sigma0               min=     0.15004 max=      0.9551 mean=     0.88621 std=      0.1451
   1: spice                min=     0.04136 max=      1.0645 mean=     0.83873 std=     0.16917
   2: log_depth            min=     -2.6658 max=      1.7605 mean=     0.98958 std=     0.70816
   3: lat_norm             min=     0.78318 max=     0.78318 mean=     0.78318 std=  1.1102e-16
   4: lon_sin              min=   -0.080766 max=     0.93701 mean=     0.56968 std=     0.16194
   5: lon_cos              min=      1.7303 max=      1.8136 mean=      1.8082 std=   0.0094266
   6: log_speed            min=    -0.55065 max=      8.6554 mean=     0.62801 std=      1.0953
   7: flow_sin             min=     -2.4114 max=      2.5771 mean=    -0.52443 std=      1.8332
   8: flow_cos             min=     -1.2097 max=      1.0909 mean=     0.18435 std=     0.95474

Scaler:
  mean : [ 2.56404195e+01 -1.99561522e+00  4.73226155e+00  9.56743695e-01
 -2.98489116e-01 -3.12431518e-01  1.61812048e-02 -3.11072317e-02
  5.01891282e-02]
  scale: [2.56774538 2.22660291 1.77520492 0.03104935 0.53812981 0.72367611
 0.02938378 0.36293074 0.72166122]
====================================================


========== MODEL OUTPUT CHECK ==========
min  = -3.015625
max  = 1.171875
mean = 0.063799
std  = 0.503749
========================================
[   2.7s]   Saved NetCDF: /gws/ssde/j25a/nemo/vol4/thopri/OceanTracerPINN/outputs/inference_fram/netcdf/tracer_predicted_2006_03.nc
[   3.8s]   Saved: /gws/ssde/j25a/nemo/vol4/thopri/OceanTracerPINN/outputs/inference_fram/images/model_10m_map_2006_03.png
[   3.8s] 
============================================================
[   3.8s]   All outputs written to: /gws/ssde/j25a/nemo/vol4/thopri/OceanTracerPINN/outputs/inference_fram/
[   3.8s] ============================================================

Running inference for Year: 2006, Month: 04
[   0.5s] Loading config from: config/inference/infer_fram.yml
[   0.7s] 
============================================================
[   0.7s]  PINN Tracer Inference
[   0.7s] ============================================================
[   0.7s]   Device       : cuda
[   0.7s]   Checkpoint   : /gws/ssde/j25a/nemo/vol4/thopri/OceanTracerPINN/outputs/oxygen18/experiment2/pinn_oxygen18.pt
[   0.7s]   Ocean model  : FramStrait_adjusted_v_fulldepth.nc
[   0.7s]   Target time  : 2006-04
[   0.7s]   MC samples   : 100
[   0.7s]   Output dir   : /gws/ssde/j25a/nemo/vol4/thopri/OceanTracerPINN/outputs/inference_fram
[   0.7s]   Seed         : 42
[   0.7s] 
[   0.7s] ── Loading checkpoint ──────────────────────────────────────
  Checkpoint   : /gws/ssde/j25a/nemo/vol4/thopri/OceanTracerPINN/outputs/oxygen18/experiment2/pinn_oxygen18.pt
  Architecture : hidden_dim=256, n_blocks=4, n_features=9
  Features     : ['sigma0', 'spice', 'log_depth', 'lat_norm', 'lon_sin', 'lon_cos', 'log_speed', 'flow_sin', 'flow_cos']
[   0.9s] 
── Ocean model inference ────────────────────────────────────
[   0.9s]   Directory : FramStrait_adjusted_v_fulldepth.nc
[   0.9s]   Target    : 2006-04
[   1.3s]   Nearest time slice selected: 2006-04-15
  [infer] Valid ocean points: 59,400 / 155,610 (38.2%)

========== INFERENCE FEATURE DIAGNOSTICS ==========
Feature names:
   0: sigma0               raw min=      26.089 max=      28.093 mean=      27.925 std=     0.33326
   1: spice                raw min=      -1.849 max=      0.3654 mean=    -0.12723 std=     0.34246
   2: log_depth            raw min=           0 max=       7.885 mean=      6.8831 std=      1.0084
   3: lat_norm             raw min=     0.98106 max=     0.98106 mean=     0.98106 std=  2.2204e-16
   4: lon_sin              raw min=    -0.35109 max=     0.20574 mean=   -0.074424 std=     0.16242
   5: lon_cos              raw min=     0.93634 max=           1 mean=     0.98376 std=    0.017144
   6: log_speed            raw min=  4.3773e-07 max=     0.22954 mean=    0.033462 std=    0.031021
   7: flow_sin             raw min=    -0.90628 max=     0.89895 mean=    -0.11776 std=     0.41693
   8: flow_cos             raw min=    -0.83746 max=     0.83102 mean=     0.10471 std=     0.42786

Scaled features:
   0: sigma0               min=     0.17484 max=       0.955 mean=     0.88972 std=     0.12991
   1: spice                min=    0.065856 max=      1.0604 mean=     0.83909 std=       0.154
   2: log_depth            min=     -2.6658 max=      1.7605 mean=     0.98958 std=     0.70816
   3: lat_norm             min=     0.78318 max=     0.78318 mean=     0.78318 std=  1.1102e-16
   4: lon_sin              min=   -0.080766 max=     0.93701 mean=     0.56968 std=     0.16194
   5: lon_cos              min=      1.7303 max=      1.8136 mean=      1.8082 std=   0.0094266
   6: log_speed            min=    -0.55067 max=       7.261 mean=      0.5881 std=      1.0557
   7: flow_sin             min=     -2.4114 max=      2.5626 mean=    -0.76429 std=      1.7351
   8: flow_cos             min=       -1.23 max=       1.082 mean=     0.31056 std=     0.91188

Scaler:
  mean : [ 2.56404195e+01 -1.99561522e+00  4.73226155e+00  9.56743695e-01
 -2.98489116e-01 -3.12431518e-01  1.61812048e-02 -3.11072317e-02
  5.01891282e-02]
  scale: [2.56774538 2.22660291 1.77520492 0.03104935 0.53812981 0.72367611
 0.02938378 0.36293074 0.72166122]
====================================================


========== MODEL OUTPUT CHECK ==========
min  = -2.847656
max  = 1.198242
mean = 0.072432
std  = 0.463141
========================================
[   2.0s]   Saved NetCDF: /gws/ssde/j25a/nemo/vol4/thopri/OceanTracerPINN/outputs/inference_fram/netcdf/tracer_predicted_2006_04.nc
[   3.1s]   Saved: /gws/ssde/j25a/nemo/vol4/thopri/OceanTracerPINN/outputs/inference_fram/images/model_10m_map_2006_04.png
[   3.1s] 
============================================================
[   3.1s]   All outputs written to: /gws/ssde/j25a/nemo/vol4/thopri/OceanTracerPINN/outputs/inference_fram/
[   3.1s] ============================================================

Running inference for Year: 2006, Month: 05
[   0.5s] Loading config from: config/inference/infer_fram.yml
[   0.7s] 
============================================================
[   0.7s]  PINN Tracer Inference
[   0.7s] ============================================================
[   0.7s]   Device       : cuda
[   0.7s]   Checkpoint   : /gws/ssde/j25a/nemo/vol4/thopri/OceanTracerPINN/outputs/oxygen18/experiment2/pinn_oxygen18.pt
[   0.7s]   Ocean model  : FramStrait_adjusted_v_fulldepth.nc
[   0.7s]   Target time  : 2006-05
[   0.7s]   MC samples   : 100
[   0.7s]   Output dir   : /gws/ssde/j25a/nemo/vol4/thopri/OceanTracerPINN/outputs/inference_fram
[   0.7s]   Seed         : 42
[   0.7s] 
[   0.7s] ── Loading checkpoint ──────────────────────────────────────
  Checkpoint   : /gws/ssde/j25a/nemo/vol4/thopri/OceanTracerPINN/outputs/oxygen18/experiment2/pinn_oxygen18.pt
  Architecture : hidden_dim=256, n_blocks=4, n_features=9
  Features     : ['sigma0', 'spice', 'log_depth', 'lat_norm', 'lon_sin', 'lon_cos', 'log_speed', 'flow_sin', 'flow_cos']
[   0.9s] 
── Ocean model inference ────────────────────────────────────
[   0.9s]   Directory : FramStrait_adjusted_v_fulldepth.nc
[   0.9s]   Target    : 2006-05
[   1.3s]   Nearest time slice selected: 2006-05-15
  [infer] Valid ocean points: 59,400 / 155,610 (38.2%)

========== INFERENCE FEATURE DIAGNOSTICS ==========
Feature names:
   0: sigma0               raw min=      25.897 max=      28.093 mean=      27.931 std=     0.31957
   1: spice                raw min=     -2.0099 max=     0.53877 mean=    -0.11493 std=     0.33481
   2: log_depth            raw min=           0 max=       7.885 mean=      6.8831 std=      1.0084
   3: lat_norm             raw min=     0.98106 max=     0.98106 mean=     0.98106 std=  2.2204e-16
   4: lon_sin              raw min=    -0.35109 max=     0.20574 mean=   -0.074424 std=     0.16242
   5: lon_cos              raw min=     0.93634 max=           1 mean=     0.98376 std=    0.017144
   6: log_speed            raw min=  8.7426e-07 max=     0.22388 mean=    0.037151 std=     0.02986
   7: flow_sin             raw min=    -0.90628 max=     0.90421 mean=   -0.053275 std=     0.42995
   8: flow_cos             raw min=    -0.83746 max=     0.83238 mean=    0.042999 std=     0.43838

Scaled features:
   0: sigma0               min=    0.099838 max=     0.95509 mean=     0.89189 std=     0.12457
   1: spice                min=  -0.0064337 max=      1.1382 mean=     0.84463 std=     0.15056
   2: log_depth            min=     -2.6658 max=      1.7605 mean=     0.98958 std=     0.70816
   3: lat_norm             min=     0.78318 max=     0.78318 mean=     0.78318 std=  1.1102e-16
   4: lon_sin              min=   -0.080766 max=     0.93701 mean=     0.56968 std=     0.16194
   5: lon_cos              min=      1.7303 max=      1.8136 mean=      1.8082 std=   0.0094266
   6: log_speed            min=    -0.55066 max=      7.0686 mean=     0.71366 std=      1.0162
   7: flow_sin             min=     -2.4114 max=      2.5771 mean=    -0.29884 std=      1.8934
   8: flow_cos             min=       -1.23 max=      1.0839 mean=    0.086544 std=     0.97552

Scaler:
  mean : [ 2.56404195e+01 -1.99561522e+00  4.73226155e+00  9.56743695e-01
 -2.98489116e-01 -3.12431518e-01  1.61812048e-02 -3.11072317e-02
  5.01891282e-02]
  scale: [2.56774538 2.22660291 1.77520492 0.03104935 0.53812981 0.72367611
 0.02938378 0.36293074 0.72166122]
====================================================


========== MODEL OUTPUT CHECK ==========
min  = -2.839844
max  = 1.021484
mean = 0.080169
std  = 0.449860
========================================
[   2.0s]   Saved NetCDF: /gws/ssde/j25a/nemo/vol4/thopri/OceanTracerPINN/outputs/inference_fram/netcdf/tracer_predicted_2006_05.nc
[   3.1s]   Saved: /gws/ssde/j25a/nemo/vol4/thopri/OceanTracerPINN/outputs/inference_fram/images/model_10m_map_2006_05.png
[   3.1s] 
============================================================
[   3.1s]   All outputs written to: /gws/ssde/j25a/nemo/vol4/thopri/OceanTracerPINN/outputs/inference_fram/
[   3.1s] ============================================================

Running inference for Year: 2006, Month: 06
[   0.5s] Loading config from: config/inference/infer_fram.yml
[   0.7s] 
============================================================
[   0.7s]  PINN Tracer Inference
[   0.7s] ============================================================
[   0.7s]   Device       : cuda
[   0.7s]   Checkpoint   : /gws/ssde/j25a/nemo/vol4/thopri/OceanTracerPINN/outputs/oxygen18/experiment2/pinn_oxygen18.pt
[   0.7s]   Ocean model  : FramStrait_adjusted_v_fulldepth.nc
[   0.7s]   Target time  : 2006-06
[   0.7s]   MC samples   : 100
[   0.7s]   Output dir   : /gws/ssde/j25a/nemo/vol4/thopri/OceanTracerPINN/outputs/inference_fram
[   0.7s]   Seed         : 42
[   0.7s] 
[   0.7s] ── Loading checkpoint ──────────────────────────────────────
  Checkpoint   : /gws/ssde/j25a/nemo/vol4/thopri/OceanTracerPINN/outputs/oxygen18/experiment2/pinn_oxygen18.pt
  Architecture : hidden_dim=256, n_blocks=4, n_features=9
  Features     : ['sigma0', 'spice', 'log_depth', 'lat_norm', 'lon_sin', 'lon_cos', 'log_speed', 'flow_sin', 'flow_cos']
[   0.9s] 
── Ocean model inference ────────────────────────────────────
[   0.9s]   Directory : FramStrait_adjusted_v_fulldepth.nc
[   0.9s]   Target    : 2006-06
[   1.3s]   Nearest time slice selected: 2006-06-15
  [infer] Valid ocean points: 59,400 / 155,610 (38.2%)

========== INFERENCE FEATURE DIAGNOSTICS ==========
Feature names:
   0: sigma0               raw min=      25.208 max=      28.093 mean=      27.918 std=      0.3566
   1: spice                raw min=     -2.5968 max=     0.59108 mean=    -0.11613 std=     0.36934
   2: log_depth            raw min=           0 max=       7.885 mean=      6.8831 std=      1.0084
   3: lat_norm             raw min=     0.98106 max=     0.98106 mean=     0.98106 std=  2.2204e-16
   4: lon_sin              raw min=    -0.35109 max=     0.20574 mean=   -0.074424 std=     0.16242
   5: lon_cos              raw min=     0.93634 max=           1 mean=     0.98376 std=    0.017144
   6: log_speed            raw min=  2.7353e-07 max=     0.24696 mean=    0.035032 std=    0.027862
   7: flow_sin             raw min=    -0.90627 max=     0.90421 mean=   -0.043344 std=     0.43106
   8: flow_cos             raw min=    -0.83746 max=     0.83102 mean=     0.03158 std=     0.43935

Scaled features:
   0: sigma0               min=    -0.16845 max=     0.95518 mean=     0.88679 std=     0.13901
   1: spice                min=    -0.27002 max=      1.1617 mean=     0.84409 std=     0.16608
   2: log_depth            min=     -2.6658 max=      1.7605 mean=     0.98958 std=     0.70816
   3: lat_norm             min=     0.78318 max=     0.78318 mean=     0.78318 std=  1.1102e-16
   4: lon_sin              min=   -0.080766 max=     0.93701 mean=     0.56968 std=     0.16194
   5: lon_cos              min=      1.7303 max=      1.8136 mean=      1.8082 std=   0.0094266
   6: log_speed            min=    -0.55068 max=      7.8539 mean=     0.64155 std=     0.94821
   7: flow_sin             min=     -2.4114 max=      2.5771 mean=    -0.22716 std=      1.9066
   8: flow_cos             min=       -1.23 max=       1.082 mean=    0.045092 std=     0.98125

Scaler:
  mean : [ 2.56404195e+01 -1.99561522e+00  4.73226155e+00  9.56743695e-01
 -2.98489116e-01 -3.12431518e-01  1.61812048e-02 -3.11072317e-02
  5.01891282e-02]
  scale: [2.56774538 2.22660291 1.77520492 0.03104935 0.53812981 0.72367611
 0.02938378 0.36293074 0.72166122]
====================================================


========== MODEL OUTPUT CHECK ==========
min  = -3.046875
max  = 1.145508
mean = 0.072852
std  = 0.473319
========================================
[   2.0s]   Saved NetCDF: /gws/ssde/j25a/nemo/vol4/thopri/OceanTracerPINN/outputs/inference_fram/netcdf/tracer_predicted_2006_06.nc
[   3.1s]   Saved: /gws/ssde/j25a/nemo/vol4/thopri/OceanTracerPINN/outputs/inference_fram/images/model_10m_map_2006_06.png
[   3.1s] 
============================================================
[   3.1s]   All outputs written to: /gws/ssde/j25a/nemo/vol4/thopri/OceanTracerPINN/outputs/inference_fram/
[   3.1s] ============================================================

Running inference for Year: 2006, Month: 07
[   0.6s] Loading config from: config/inference/infer_fram.yml
[   0.7s] 
============================================================
[   0.7s]  PINN Tracer Inference
[   0.7s] ============================================================
[   0.7s]   Device       : cuda
[   0.7s]   Checkpoint   : /gws/ssde/j25a/nemo/vol4/thopri/OceanTracerPINN/outputs/oxygen18/experiment2/pinn_oxygen18.pt
[   0.7s]   Ocean model  : FramStrait_adjusted_v_fulldepth.nc
[   0.7s]   Target time  : 2006-07
[   0.7s]   MC samples   : 100
[   0.7s]   Output dir   : /gws/ssde/j25a/nemo/vol4/thopri/OceanTracerPINN/outputs/inference_fram
[   0.7s]   Seed         : 42
[   0.7s] 
[   0.7s] ── Loading checkpoint ──────────────────────────────────────
  Checkpoint   : /gws/ssde/j25a/nemo/vol4/thopri/OceanTracerPINN/outputs/oxygen18/experiment2/pinn_oxygen18.pt
  Architecture : hidden_dim=256, n_blocks=4, n_features=9
  Features     : ['sigma0', 'spice', 'log_depth', 'lat_norm', 'lon_sin', 'lon_cos', 'log_speed', 'flow_sin', 'flow_cos']
[   0.9s] 
── Ocean model inference ────────────────────────────────────
[   0.9s]   Directory : FramStrait_adjusted_v_fulldepth.nc
[   0.9s]   Target    : 2006-07
[   1.4s]   Nearest time slice selected: 2006-07-15
  [infer] Valid ocean points: 59,400 / 155,610 (38.2%)

========== INFERENCE FEATURE DIAGNOSTICS ==========
Feature names:
   0: sigma0               raw min=      24.809 max=      28.093 mean=      27.904 std=      0.4012
   1: spice                raw min=      -2.934 max=     0.76741 mean=    -0.12201 std=     0.40573
   2: log_depth            raw min=           0 max=       7.885 mean=      6.8831 std=      1.0084
   3: lat_norm             raw min=     0.98106 max=     0.98106 mean=     0.98106 std=  2.2204e-16
   4: lon_sin              raw min=    -0.35109 max=     0.20574 mean=   -0.074424 std=     0.16242
   5: lon_cos              raw min=     0.93634 max=           1 mean=     0.98376 std=    0.017144
   6: log_speed            raw min=  1.8042e-07 max=     0.24389 mean=    0.040186 std=    0.032328
   7: flow_sin             raw min=    -0.90627 max=     0.89895 mean=  -0.0053893 std=      0.4332
   8: flow_cos             raw min=    -0.83746 max=     0.81725 mean=  -0.0094457 std=     0.44038

Scaled features:
   0: sigma0               min=    -0.32364 max=     0.95527 mean=     0.88137 std=      0.1564
   1: spice                min=    -0.42145 max=      1.2409 mean=     0.84144 std=     0.18245
   2: log_depth            min=     -2.6658 max=      1.7605 mean=     0.98958 std=     0.70816
   3: lat_norm             min=     0.78318 max=     0.78318 mean=     0.78318 std=  1.1102e-16
   4: lon_sin              min=   -0.080766 max=     0.93701 mean=     0.56968 std=     0.16194
   5: lon_cos              min=      1.7303 max=      1.8136 mean=      1.8082 std=   0.0094266
   6: log_speed            min=    -0.55068 max=      7.7496 mean=     0.81694 std=      1.1002
   7: flow_sin             min=     -2.4114 max=      2.5626 mean=     0.04681 std=      1.9317
   8: flow_cos             min=       -1.23 max=      1.0629 mean=    -0.10384 std=     0.98733

Scaler:
  mean : [ 2.56404195e+01 -1.99561522e+00  4.73226155e+00  9.56743695e-01
 -2.98489116e-01 -3.12431518e-01  1.61812048e-02 -3.11072317e-02
  5.01891282e-02]
  scale: [2.56774538 2.22660291 1.77520492 0.03104935 0.53812981 0.72367611
 0.02938378 0.36293074 0.72166122]
====================================================


========== MODEL OUTPUT CHECK ==========
min  = -3.097656
max  = 1.073242
mean = 0.060686
std  = 0.518405
========================================
[   2.7s]   Saved NetCDF: /gws/ssde/j25a/nemo/vol4/thopri/OceanTracerPINN/outputs/inference_fram/netcdf/tracer_predicted_2006_07.nc
[   3.8s]   Saved: /gws/ssde/j25a/nemo/vol4/thopri/OceanTracerPINN/outputs/inference_fram/images/model_10m_map_2006_07.png
[   3.8s] 
============================================================
[   3.8s]   All outputs written to: /gws/ssde/j25a/nemo/vol4/thopri/OceanTracerPINN/outputs/inference_fram/
[   3.8s] ============================================================

Running inference for Year: 2006, Month: 08
[   0.5s] Loading config from: config/inference/infer_fram.yml
[   0.7s] 
============================================================
[   0.7s]  PINN Tracer Inference
[   0.7s] ============================================================
[   0.7s]   Device       : cuda
[   0.7s]   Checkpoint   : /gws/ssde/j25a/nemo/vol4/thopri/OceanTracerPINN/outputs/oxygen18/experiment2/pinn_oxygen18.pt
[   0.7s]   Ocean model  : FramStrait_adjusted_v_fulldepth.nc
[   0.7s]   Target time  : 2006-08
[   0.7s]   MC samples   : 100
[   0.7s]   Output dir   : /gws/ssde/j25a/nemo/vol4/thopri/OceanTracerPINN/outputs/inference_fram
[   0.7s]   Seed         : 42
[   0.7s] 
[   0.7s] ── Loading checkpoint ──────────────────────────────────────
  Checkpoint   : /gws/ssde/j25a/nemo/vol4/thopri/OceanTracerPINN/outputs/oxygen18/experiment2/pinn_oxygen18.pt
  Architecture : hidden_dim=256, n_blocks=4, n_features=9
  Features     : ['sigma0', 'spice', 'log_depth', 'lat_norm', 'lon_sin', 'lon_cos', 'log_speed', 'flow_sin', 'flow_cos']
[   0.9s] 
── Ocean model inference ────────────────────────────────────
[   0.9s]   Directory : FramStrait_adjusted_v_fulldepth.nc
[   0.9s]   Target    : 2006-08
[   1.3s]   Nearest time slice selected: 2006-08-15
  [infer] Valid ocean points: 59,400 / 155,610 (38.2%)

========== INFERENCE FEATURE DIAGNOSTICS ==========
Feature names:
   0: sigma0               raw min=      24.514 max=      28.093 mean=      27.943 std=     0.26861
   1: spice                raw min=     -3.1857 max=      0.8338 mean=   -0.071548 std=     0.30747
   2: log_depth            raw min=           0 max=       7.885 mean=      6.8831 std=      1.0084
   3: lat_norm             raw min=     0.98106 max=     0.98106 mean=     0.98106 std=  2.2204e-16
   4: lon_sin              raw min=    -0.35109 max=     0.20574 mean=   -0.074424 std=     0.16242
   5: lon_cos              raw min=     0.93634 max=           1 mean=     0.98376 std=    0.017144
   6: log_speed            raw min=  7.4403e-07 max=     0.23041 mean=     0.02762 std=    0.025779
   7: flow_sin             raw min=    -0.89573 max=     0.90628 mean=   -0.022077 std=     0.43268
   8: flow_cos             raw min=    -0.83746 max=     0.82283 mean=   0.0089181 std=      0.4404

Scaled features:
   0: sigma0               min=     -0.4385 max=     0.95525 mean=     0.89677 std=      0.1047
   1: spice                min=     -0.5345 max=      1.2707 mean=     0.86416 std=     0.13826
   2: log_depth            min=     -2.6658 max=      1.7605 mean=     0.98958 std=     0.70816
   3: lat_norm             min=     0.78318 max=     0.78318 mean=     0.78318 std=  1.1102e-16
   4: lon_sin              min=   -0.080766 max=     0.93701 mean=     0.56968 std=     0.16194
   5: lon_cos              min=      1.7303 max=      1.8136 mean=      1.8082 std=   0.0094266
   6: log_speed            min=    -0.55066 max=      7.2908 mean=     0.38929 std=     0.87733
   7: flow_sin             min=     -2.3823 max=      2.5828 mean=   -0.073644 std=      1.9255
   8: flow_cos             min=       -1.23 max=      1.0706 mean=   -0.037173 std=      0.9874

Scaler:
  mean : [ 2.56404195e+01 -1.99561522e+00  4.73226155e+00  9.56743695e-01
 -2.98489116e-01 -3.12431518e-01  1.61812048e-02 -3.11072317e-02
  5.01891282e-02]
  scale: [2.56774538 2.22660291 1.77520492 0.03104935 0.53812981 0.72367611
 0.02938378 0.36293074 0.72166122]
====================================================


========== MODEL OUTPUT CHECK ==========
min  = -2.767578
max  = 1.066406
mean = 0.111133
std  = 0.386762
========================================
[   2.0s]   Saved NetCDF: /gws/ssde/j25a/nemo/vol4/thopri/OceanTracerPINN/outputs/inference_fram/netcdf/tracer_predicted_2006_08.nc
[   3.1s]   Saved: /gws/ssde/j25a/nemo/vol4/thopri/OceanTracerPINN/outputs/inference_fram/images/model_10m_map_2006_08.png
[   3.2s] 
============================================================
[   3.2s]   All outputs written to: /gws/ssde/j25a/nemo/vol4/thopri/OceanTracerPINN/outputs/inference_fram/
[   3.2s] ============================================================

Running inference for Year: 2006, Month: 09
[   0.5s] Loading config from: config/inference/infer_fram.yml
[   0.7s] 
============================================================
[   0.7s]  PINN Tracer Inference
[   0.7s] ============================================================
[   0.7s]   Device       : cuda
[   0.7s]   Checkpoint   : /gws/ssde/j25a/nemo/vol4/thopri/OceanTracerPINN/outputs/oxygen18/experiment2/pinn_oxygen18.pt
[   0.7s]   Ocean model  : FramStrait_adjusted_v_fulldepth.nc
[   0.7s]   Target time  : 2006-09
[   0.7s]   MC samples   : 100
[   0.7s]   Output dir   : /gws/ssde/j25a/nemo/vol4/thopri/OceanTracerPINN/outputs/inference_fram
[   0.7s]   Seed         : 42
[   0.7s] 
[   0.7s] ── Loading checkpoint ──────────────────────────────────────
  Checkpoint   : /gws/ssde/j25a/nemo/vol4/thopri/OceanTracerPINN/outputs/oxygen18/experiment2/pinn_oxygen18.pt
  Architecture : hidden_dim=256, n_blocks=4, n_features=9
  Features     : ['sigma0', 'spice', 'log_depth', 'lat_norm', 'lon_sin', 'lon_cos', 'log_speed', 'flow_sin', 'flow_cos']
[   0.9s] 
── Ocean model inference ────────────────────────────────────
[   0.9s]   Directory : FramStrait_adjusted_v_fulldepth.nc
[   0.9s]   Target    : 2006-09
[   1.3s]   Nearest time slice selected: 2006-09-15
  [infer] Valid ocean points: 59,400 / 155,610 (38.2%)

========== INFERENCE FEATURE DIAGNOSTICS ==========
Feature names:
   0: sigma0               raw min=      23.292 max=      28.105 mean=      27.917 std=     0.35604
   1: spice                raw min=      -4.212 max=      0.8253 mean=   -0.081714 std=     0.38066
   2: log_depth            raw min=           0 max=       7.885 mean=      6.8831 std=      1.0084
   3: lat_norm             raw min=     0.98106 max=     0.98106 mean=     0.98106 std=  2.2204e-16
   4: lon_sin              raw min=    -0.35109 max=     0.20574 mean=   -0.074424 std=     0.16242
   5: lon_cos              raw min=     0.93634 max=           1 mean=     0.98376 std=    0.017144
   6: log_speed            raw min=  5.3851e-07 max=     0.21435 mean=    0.029401 std=    0.027499
   7: flow_sin             raw min=    -0.90421 max=     0.90628 mean=   -0.037314 std=     0.43163
   8: flow_cos             raw min=    -0.82283 max=     0.83746 mean=    0.022538 std=     0.43991

Scaled features:
   0: sigma0               min=    -0.91458 max=     0.95985 mean=     0.88645 std=     0.13879
   1: spice                min=    -0.99541 max=      1.2669 mean=     0.85959 std=     0.17117
   2: log_depth            min=     -2.6658 max=      1.7605 mean=     0.98958 std=     0.70816
   3: lat_norm             min=     0.78318 max=     0.78318 mean=     0.78318 std=  1.1102e-16
   4: lon_sin              min=   -0.080766 max=     0.93701 mean=     0.56968 std=     0.16194
   5: lon_cos              min=      1.7303 max=      1.8136 mean=      1.8082 std=   0.0094266
   6: log_speed            min=    -0.55067 max=      6.7442 mean=     0.44989 std=     0.93585
   7: flow_sin             min=     -2.4057 max=      2.5828 mean=    -0.18363 std=      1.9132
   8: flow_cos             min=     -1.2097 max=      1.0909 mean=    0.012268 std=     0.98453

Scaler:
  mean : [ 2.56404195e+01 -1.99561522e+00  4.73226155e+00  9.56743695e-01
 -2.98489116e-01 -3.12431518e-01  1.61812048e-02 -3.11072317e-02
  5.01891282e-02]
  scale: [2.56774538 2.22660291 1.77520492 0.03104935 0.53812981 0.72367611
 0.02938378 0.36293074 0.72166122]
====================================================


========== MODEL OUTPUT CHECK ==========
min  = -3.015625
max  = 1.250977
mean = 0.084973
std  = 0.469905
========================================
[   2.0s]   Saved NetCDF: /gws/ssde/j25a/nemo/vol4/thopri/OceanTracerPINN/outputs/inference_fram/netcdf/tracer_predicted_2006_09.nc
[   3.1s]   Saved: /gws/ssde/j25a/nemo/vol4/thopri/OceanTracerPINN/outputs/inference_fram/images/model_10m_map_2006_09.png
[   3.1s] 
============================================================
[   3.1s]   All outputs written to: /gws/ssde/j25a/nemo/vol4/thopri/OceanTracerPINN/outputs/inference_fram/
[   3.1s] ============================================================

Running inference for Year: 2006, Month: 10
[   0.5s] Loading config from: config/inference/infer_fram.yml
[   0.7s] 
============================================================
[   0.7s]  PINN Tracer Inference
[   0.7s] ============================================================
[   0.7s]   Device       : cuda
[   0.7s]   Checkpoint   : /gws/ssde/j25a/nemo/vol4/thopri/OceanTracerPINN/outputs/oxygen18/experiment2/pinn_oxygen18.pt
[   0.7s]   Ocean model  : FramStrait_adjusted_v_fulldepth.nc
[   0.7s]   Target time  : 2006-10
[   0.7s]   MC samples   : 100
[   0.7s]   Output dir   : /gws/ssde/j25a/nemo/vol4/thopri/OceanTracerPINN/outputs/inference_fram
[   0.7s]   Seed         : 42
[   0.7s] 
[   0.7s] ── Loading checkpoint ──────────────────────────────────────
  Checkpoint   : /gws/ssde/j25a/nemo/vol4/thopri/OceanTracerPINN/outputs/oxygen18/experiment2/pinn_oxygen18.pt
  Architecture : hidden_dim=256, n_blocks=4, n_features=9
  Features     : ['sigma0', 'spice', 'log_depth', 'lat_norm', 'lon_sin', 'lon_cos', 'log_speed', 'flow_sin', 'flow_cos']
[   0.9s] 
── Ocean model inference ────────────────────────────────────
[   0.9s]   Directory : FramStrait_adjusted_v_fulldepth.nc
[   0.9s]   Target    : 2006-10
[   1.3s]   Nearest time slice selected: 2006-10-15
  [infer] Valid ocean points: 59,400 / 155,610 (38.2%)

========== INFERENCE FEATURE DIAGNOSTICS ==========
Feature names:
   0: sigma0               raw min=      23.153 max=      28.095 mean=      27.883 std=     0.43769
   1: spice                raw min=     -4.3492 max=     0.59676 mean=    -0.10759 std=     0.44287
   2: log_depth            raw min=           0 max=       7.885 mean=      6.8831 std=      1.0084
   3: lat_norm             raw min=     0.98106 max=     0.98106 mean=     0.98106 std=  2.2204e-16
   4: lon_sin              raw min=    -0.35109 max=     0.20574 mean=   -0.074424 std=     0.16242
   5: lon_cos              raw min=     0.93634 max=           1 mean=     0.98376 std=    0.017144
   6: log_speed            raw min=  1.2942e-07 max=     0.20218 mean=    0.029194 std=     0.02401
   7: flow_sin             raw min=    -0.90421 max=     0.90628 mean=   -0.067148 std=       0.428
   8: flow_cos             raw min=    -0.82005 max=     0.83746 mean=    0.054899 std=     0.43705

Scaled features:
   0: sigma0               min=    -0.96866 max=     0.95583 mean=     0.87315 std=     0.17062
   1: spice                min=      -1.057 max=      1.1643 mean=     0.84793 std=     0.19915
   2: log_depth            min=     -2.6658 max=      1.7605 mean=     0.98958 std=     0.70816
   3: lat_norm             min=     0.78318 max=     0.78318 mean=     0.78318 std=  1.1102e-16
   4: lon_sin              min=   -0.080766 max=     0.93701 mean=     0.56968 std=     0.16194
   5: lon_cos              min=      1.7303 max=      1.8136 mean=      1.8082 std=   0.0094266
   6: log_speed            min=    -0.55068 max=      6.3299 mean=     0.44286 std=      0.8171
   7: flow_sin             min=     -2.4057 max=      2.5828 mean=    -0.39898 std=      1.8703
   8: flow_cos             min=     -1.2059 max=      1.0909 mean=     0.12974 std=     0.96762

Scaler:
  mean : [ 2.56404195e+01 -1.99561522e+00  4.73226155e+00  9.56743695e-01
 -2.98489116e-01 -3.12431518e-01  1.61812048e-02 -3.11072317e-02
  5.01891282e-02]
  scale: [2.56774538 2.22660291 1.77520492 0.03104935 0.53812981 0.72367611
 0.02938378 0.36293074 0.72166122]
====================================================


========== MODEL OUTPUT CHECK ==========
min  = -3.859375
max  = 0.994629
mean = 0.053419
std  = 0.556078
========================================
[   2.0s]   Saved NetCDF: /gws/ssde/j25a/nemo/vol4/thopri/OceanTracerPINN/outputs/inference_fram/netcdf/tracer_predicted_2006_10.nc
[   3.1s]   Saved: /gws/ssde/j25a/nemo/vol4/thopri/OceanTracerPINN/outputs/inference_fram/images/model_10m_map_2006_10.png
[   3.1s] 
============================================================
[   3.1s]   All outputs written to: /gws/ssde/j25a/nemo/vol4/thopri/OceanTracerPINN/outputs/inference_fram/
[   3.1s] ============================================================

Running inference for Year: 2006, Month: 11
[   0.5s] Loading config from: config/inference/infer_fram.yml
[   0.7s] 
============================================================
[   0.7s]  PINN Tracer Inference
[   0.7s] ============================================================
[   0.7s]   Device       : cuda
[   0.7s]   Checkpoint   : /gws/ssde/j25a/nemo/vol4/thopri/OceanTracerPINN/outputs/oxygen18/experiment2/pinn_oxygen18.pt
[   0.7s]   Ocean model  : FramStrait_adjusted_v_fulldepth.nc
[   0.7s]   Target time  : 2006-11
[   0.7s]   MC samples   : 100
[   0.7s]   Output dir   : /gws/ssde/j25a/nemo/vol4/thopri/OceanTracerPINN/outputs/inference_fram
[   0.7s]   Seed         : 42
[   0.7s] 
[   0.7s] ── Loading checkpoint ──────────────────────────────────────
  Checkpoint   : /gws/ssde/j25a/nemo/vol4/thopri/OceanTracerPINN/outputs/oxygen18/experiment2/pinn_oxygen18.pt
  Architecture : hidden_dim=256, n_blocks=4, n_features=9
  Features     : ['sigma0', 'spice', 'log_depth', 'lat_norm', 'lon_sin', 'lon_cos', 'log_speed', 'flow_sin', 'flow_cos']
[   0.9s] 
── Ocean model inference ────────────────────────────────────
[   0.9s]   Directory : FramStrait_adjusted_v_fulldepth.nc
[   0.9s]   Target    : 2006-11
[   1.3s]   Nearest time slice selected: 2006-11-15
  [infer] Valid ocean points: 59,400 / 155,610 (38.2%)

========== INFERENCE FEATURE DIAGNOSTICS ==========
Feature names:
   0: sigma0               raw min=      24.771 max=      28.092 mean=      27.899 std=     0.41914
   1: spice                raw min=     -2.9684 max=     0.50574 mean=    -0.10881 std=     0.42603
   2: log_depth            raw min=           0 max=       7.885 mean=      6.8831 std=      1.0084
   3: lat_norm             raw min=     0.98106 max=     0.98106 mean=     0.98106 std=  2.2204e-16
   4: lon_sin              raw min=    -0.35109 max=     0.20574 mean=   -0.074424 std=     0.16242
   5: lon_cos              raw min=     0.93634 max=           1 mean=     0.98376 std=    0.017144
   6: log_speed            raw min=  2.9499e-07 max=     0.18875 mean=    0.034918 std=    0.026347
   7: flow_sin             raw min=    -0.90627 max=     0.89895 mean=   -0.059592 std=     0.42912
   8: flow_cos             raw min=    -0.83746 max=     0.83102 mean=    0.043933 std=     0.43829

Scaled features:
   0: sigma0               min=    -0.33862 max=     0.95488 mean=     0.87939 std=     0.16339
   1: spice                min=     -0.4369 max=      1.1234 mean=     0.84739 std=     0.19158
   2: log_depth            min=     -2.6658 max=      1.7605 mean=     0.98958 std=     0.70816
   3: lat_norm             min=     0.78318 max=     0.78318 mean=     0.78318 std=  1.1102e-16
   4: lon_sin              min=   -0.080766 max=     0.93701 mean=     0.56968 std=     0.16194
   5: lon_cos              min=      1.7303 max=      1.8136 mean=      1.8082 std=   0.0094266
   6: log_speed            min=    -0.55067 max=      5.8728 mean=     0.63765 std=     0.89665
   7: flow_sin             min=     -2.4114 max=      2.5626 mean=    -0.34444 std=      1.8836
   8: flow_cos             min=       -1.23 max=       1.082 mean=    0.089935 std=     0.97497

Scaler:
  mean : [ 2.56404195e+01 -1.99561522e+00  4.73226155e+00  9.56743695e-01
 -2.98489116e-01 -3.12431518e-01  1.61812048e-02 -3.11072317e-02
  5.01891282e-02]
  scale: [2.56774538 2.22660291 1.77520492 0.03104935 0.53812981 0.72367611
 0.02938378 0.36293074 0.72166122]
====================================================


========== MODEL OUTPUT CHECK ==========
min  = -2.935547
max  = 1.124023
mean = 0.063503
std  = 0.538686
========================================
[   2.0s]   Saved NetCDF: /gws/ssde/j25a/nemo/vol4/thopri/OceanTracerPINN/outputs/inference_fram/netcdf/tracer_predicted_2006_11.nc
[   3.2s]   Saved: /gws/ssde/j25a/nemo/vol4/thopri/OceanTracerPINN/outputs/inference_fram/images/model_10m_map_2006_11.png
[   3.2s] 
============================================================
[   3.2s]   All outputs written to: /gws/ssde/j25a/nemo/vol4/thopri/OceanTracerPINN/outputs/inference_fram/
[   3.2s] ============================================================

Running inference for Year: 2006, Month: 12
[   0.7s] Loading config from: config/inference/infer_fram.yml
[   0.8s] 
============================================================
[   0.8s]  PINN Tracer Inference
[   0.8s] ============================================================
[   0.8s]   Device       : cuda
[   0.8s]   Checkpoint   : /gws/ssde/j25a/nemo/vol4/thopri/OceanTracerPINN/outputs/oxygen18/experiment2/pinn_oxygen18.pt
[   0.8s]   Ocean model  : FramStrait_adjusted_v_fulldepth.nc
[   0.8s]   Target time  : 2006-12
[   0.8s]   MC samples   : 100
[   0.8s]   Output dir   : /gws/ssde/j25a/nemo/vol4/thopri/OceanTracerPINN/outputs/inference_fram
[   0.8s]   Seed         : 42
[   0.8s] 
[   0.8s] ── Loading checkpoint ──────────────────────────────────────
  Checkpoint   : /gws/ssde/j25a/nemo/vol4/thopri/OceanTracerPINN/outputs/oxygen18/experiment2/pinn_oxygen18.pt
  Architecture : hidden_dim=256, n_blocks=4, n_features=9
  Features     : ['sigma0', 'spice', 'log_depth', 'lat_norm', 'lon_sin', 'lon_cos', 'log_speed', 'flow_sin', 'flow_cos']
[   1.0s] 
── Ocean model inference ────────────────────────────────────
[   1.0s]   Directory : FramStrait_adjusted_v_fulldepth.nc
[   1.0s]   Target    : 2006-12
[   1.4s]   Nearest time slice selected: 2006-12-15
  [infer] Valid ocean points: 59,400 / 155,610 (38.2%)

========== INFERENCE FEATURE DIAGNOSTICS ==========
Feature names:
   0: sigma0               raw min=      25.731 max=      28.106 mean=      27.902 std=     0.42409
   1: spice                raw min=     -2.1511 max=     0.57554 mean=    -0.11362 std=     0.43042
   2: log_depth            raw min=           0 max=       7.885 mean=      6.8831 std=      1.0084
   3: lat_norm             raw min=     0.98106 max=     0.98106 mean=     0.98106 std=  2.2204e-16
   4: lon_sin              raw min=    -0.35109 max=     0.20574 mean=   -0.074424 std=     0.16242
   5: lon_cos              raw min=     0.93634 max=           1 mean=     0.98376 std=    0.017144
   6: log_speed            raw min=  3.6101e-06 max=     0.35187 mean=    0.039258 std=    0.039138
   7: flow_sin             raw min=    -0.90421 max=     0.90626 mean=   -0.007109 std=     0.43318
   8: flow_cos             raw min=    -0.83746 max=     0.83102 mean=    -0.01013 std=     0.44037

Scaled features:
   0: sigma0               min=    0.035158 max=     0.96008 mean=     0.88074 std=     0.16532
   1: spice                min=   -0.069825 max=      1.1547 mean=     0.84522 std=     0.19355
   2: log_depth            min=     -2.6658 max=      1.7605 mean=     0.98958 std=     0.70816
   3: lat_norm             min=     0.78318 max=     0.78318 mean=     0.78318 std=  1.1102e-16
   4: lon_sin              min=   -0.080766 max=     0.93701 mean=     0.56968 std=     0.16194
   5: lon_cos              min=      1.7303 max=      1.8136 mean=      1.8082 std=   0.0094266
   6: log_speed            min=    -0.55056 max=      11.424 mean=     0.78535 std=      1.3319
   7: flow_sin             min=     -2.4057 max=      2.5828 mean=    0.034397 std=      1.9314
   8: flow_cos             min=       -1.23 max=       1.082 mean=    -0.10632 std=     0.98724

Scaler:
  mean : [ 2.56404195e+01 -1.99561522e+00  4.73226155e+00  9.56743695e-01
 -2.98489116e-01 -3.12431518e-01  1.61812048e-02 -3.11072317e-02
  5.01891282e-02]
  scale: [2.56774538 2.22660291 1.77520492 0.03104935 0.53812981 0.72367611
 0.02938378 0.36293074 0.72166122]
====================================================


========== MODEL OUTPUT CHECK ==========
min  = -3.039062
max  = 1.173828
mean = 0.061849
std  = 0.548381
========================================
[   2.2s]   Saved NetCDF: /gws/ssde/j25a/nemo/vol4/thopri/OceanTracerPINN/outputs/inference_fram/netcdf/tracer_predicted_2006_12.nc
[   3.4s]   Saved: /gws/ssde/j25a/nemo/vol4/thopri/OceanTracerPINN/outputs/inference_fram/images/model_10m_map_2006_12.png
[   3.4s] 
============================================================
[   3.4s]   All outputs written to: /gws/ssde/j25a/nemo/vol4/thopri/OceanTracerPINN/outputs/inference_fram/
[   3.4s] ============================================================

Running inference for Year: 2007, Month: 01
[   0.5s] Loading config from: config/inference/infer_fram.yml
[   0.7s] 
============================================================
[   0.7s]  PINN Tracer Inference
[   0.7s] ============================================================
[   0.7s]   Device       : cuda
[   0.7s]   Checkpoint   : /gws/ssde/j25a/nemo/vol4/thopri/OceanTracerPINN/outputs/oxygen18/experiment2/pinn_oxygen18.pt
[   0.7s]   Ocean model  : FramStrait_adjusted_v_fulldepth.nc
[   0.7s]   Target time  : 2007-01
[   0.7s]   MC samples   : 100
[   0.7s]   Output dir   : /gws/ssde/j25a/nemo/vol4/thopri/OceanTracerPINN/outputs/inference_fram
[   0.7s]   Seed         : 42
[   0.7s] 
[   0.7s] ── Loading checkpoint ──────────────────────────────────────
  Checkpoint   : /gws/ssde/j25a/nemo/vol4/thopri/OceanTracerPINN/outputs/oxygen18/experiment2/pinn_oxygen18.pt
  Architecture : hidden_dim=256, n_blocks=4, n_features=9
  Features     : ['sigma0', 'spice', 'log_depth', 'lat_norm', 'lon_sin', 'lon_cos', 'log_speed', 'flow_sin', 'flow_cos']
[   0.9s] 
── Ocean model inference ────────────────────────────────────
[   0.9s]   Directory : FramStrait_adjusted_v_fulldepth.nc
[   0.9s]   Target    : 2007-01
[   1.3s]   Nearest time slice selected: 2007-01-15
  [infer] Valid ocean points: 59,400 / 155,610 (38.2%)

========== INFERENCE FEATURE DIAGNOSTICS ==========
Feature names:
   0: sigma0               raw min=      25.728 max=      28.112 mean=      27.891 std=     0.47334
   1: spice                raw min=     -2.1742 max=     0.53885 mean=    -0.13561 std=     0.46782
   2: log_depth            raw min=           0 max=       7.885 mean=      6.8831 std=      1.0084
   3: lat_norm             raw min=     0.98106 max=     0.98106 mean=     0.98106 std=  2.2204e-16
   4: lon_sin              raw min=    -0.35109 max=     0.20574 mean=   -0.074424 std=     0.16242
   5: lon_cos              raw min=     0.93634 max=           1 mean=     0.98376 std=    0.017144
   6: log_speed            raw min=  5.3932e-07 max=      0.2846 mean=    0.049666 std=    0.035402
   7: flow_sin             raw min=    -0.90628 max=     0.89895 mean=    -0.06879 std=     0.42774
   8: flow_cos             raw min=    -0.83746 max=     0.83102 mean=    0.054119 std=     0.43715

Scaled features:
   0: sigma0               min=    0.034244 max=     0.96247 mean=      0.8764 std=     0.18453
   1: spice                min=   -0.080218 max=      1.1383 mean=     0.83532 std=     0.21037
   2: log_depth            min=     -2.6658 max=      1.7605 mean=     0.98958 std=     0.70816
   3: lat_norm             min=     0.78318 max=     0.78318 mean=     0.78318 std=  1.1102e-16
   4: lon_sin              min=   -0.080766 max=     0.93701 mean=     0.56968 std=     0.16194
   5: lon_cos              min=      1.7303 max=      1.8136 mean=      1.8082 std=   0.0094266
   6: log_speed            min=    -0.55067 max=      9.1351 mean=      1.1396 std=      1.2048
   7: flow_sin             min=     -2.4114 max=      2.5626 mean=    -0.41083 std=      1.8672
   8: flow_cos             min=       -1.23 max=       1.082 mean=     0.12691 std=      0.9682

Scaler:
  mean : [ 2.56404195e+01 -1.99561522e+00  4.73226155e+00  9.56743695e-01
 -2.98489116e-01 -3.12431518e-01  1.61812048e-02 -3.11072317e-02
  5.01891282e-02]
  scale: [2.56774538 2.22660291 1.77520492 0.03104935 0.53812981 0.72367611
 0.02938378 0.36293074 0.72166122]
====================================================


========== MODEL OUTPUT CHECK ==========
min  = -3.214844
max  = 1.404297
mean = 0.037373
std  = 0.582683
========================================
[   2.0s]   Saved NetCDF: /gws/ssde/j25a/nemo/vol4/thopri/OceanTracerPINN/outputs/inference_fram/netcdf/tracer_predicted_2007_01.nc
[   3.2s]   Saved: /gws/ssde/j25a/nemo/vol4/thopri/OceanTracerPINN/outputs/inference_fram/images/model_10m_map_2007_01.png
[   3.2s] 
============================================================
[   3.2s]   All outputs written to: /gws/ssde/j25a/nemo/vol4/thopri/OceanTracerPINN/outputs/inference_fram/
[   3.2s] ============================================================

Running inference for Year: 2007, Month: 02
[   0.5s] Loading config from: config/inference/infer_fram.yml
[   0.7s] 
============================================================
[   0.7s]  PINN Tracer Inference
[   0.7s] ============================================================
[   0.7s]   Device       : cuda
[   0.7s]   Checkpoint   : /gws/ssde/j25a/nemo/vol4/thopri/OceanTracerPINN/outputs/oxygen18/experiment2/pinn_oxygen18.pt
[   0.7s]   Ocean model  : FramStrait_adjusted_v_fulldepth.nc
[   0.7s]   Target time  : 2007-02
[   0.7s]   MC samples   : 100
[   0.7s]   Output dir   : /gws/ssde/j25a/nemo/vol4/thopri/OceanTracerPINN/outputs/inference_fram
[   0.7s]   Seed         : 42
[   0.7s] 
[   0.7s] ── Loading checkpoint ──────────────────────────────────────
  Checkpoint   : /gws/ssde/j25a/nemo/vol4/thopri/OceanTracerPINN/outputs/oxygen18/experiment2/pinn_oxygen18.pt
  Architecture : hidden_dim=256, n_blocks=4, n_features=9
  Features     : ['sigma0', 'spice', 'log_depth', 'lat_norm', 'lon_sin', 'lon_cos', 'log_speed', 'flow_sin', 'flow_cos']
[   0.9s] 
── Ocean model inference ────────────────────────────────────
[   0.9s]   Directory : FramStrait_adjusted_v_fulldepth.nc
[   0.9s]   Target    : 2007-02
[   1.3s]   Nearest time slice selected: 2007-02-15
  [infer] Valid ocean points: 59,400 / 155,610 (38.2%)

========== INFERENCE FEATURE DIAGNOSTICS ==========
Feature names:
   0: sigma0               raw min=      25.792 max=      28.111 mean=      27.897 std=     0.47861
   1: spice                raw min=     -2.1224 max=     0.45903 mean=    -0.14116 std=     0.46815
   2: log_depth            raw min=           0 max=       7.885 mean=      6.8831 std=      1.0084
   3: lat_norm             raw min=     0.98106 max=     0.98106 mean=     0.98106 std=  2.2204e-16
   4: lon_sin              raw min=    -0.35109 max=     0.20574 mean=   -0.074424 std=     0.16242
   5: lon_cos              raw min=     0.93634 max=           1 mean=     0.98376 std=    0.017144
   6: log_speed            raw min=   2.356e-07 max=     0.27072 mean=    0.041647 std=     0.03326
   7: flow_sin             raw min=    -0.89466 max=     0.90627 mean=    0.027341 std=     0.43237
   8: flow_cos             raw min=    -0.82144 max=     0.83746 mean=   -0.041469 std=     0.43853

Scaled features:
   0: sigma0               min=     0.05884 max=     0.96215 mean=     0.87873 std=     0.18659
   1: spice                min=   -0.056954 max=      1.1024 mean=     0.83282 std=     0.21051
   2: log_depth            min=     -2.6658 max=      1.7605 mean=     0.98958 std=     0.70816
   3: lat_norm             min=     0.78318 max=     0.78318 mean=     0.78318 std=  1.1102e-16
   4: lon_sin              min=   -0.080766 max=     0.93701 mean=     0.56968 std=     0.16194
   5: lon_cos              min=      1.7303 max=      1.8136 mean=      1.8082 std=   0.0094266
   6: log_speed            min=    -0.55068 max=      8.6624 mean=     0.86667 std=      1.1319
   7: flow_sin             min=     -2.3794 max=      2.5828 mean=     0.28306 std=       1.922
   8: flow_cos             min=     -1.2078 max=      1.0909 mean=    -0.22008 std=     0.97639

Scaler:
  mean : [ 2.56404195e+01 -1.99561522e+00  4.73226155e+00  9.56743695e-01
 -2.98489116e-01 -3.12431518e-01  1.61812048e-02 -3.11072317e-02
  5.01891282e-02]
  scale: [2.56774538 2.22660291 1.77520492 0.03104935 0.53812981 0.72367611
 0.02938378 0.36293074 0.72166122]
====================================================


========== MODEL OUTPUT CHECK ==========
min  = -3.220703
max  = 1.264648
mean = 0.052499
std  = 0.592058
========================================
[   2.0s]   Saved NetCDF: /gws/ssde/j25a/nemo/vol4/thopri/OceanTracerPINN/outputs/inference_fram/netcdf/tracer_predicted_2007_02.nc
[   3.1s]   Saved: /gws/ssde/j25a/nemo/vol4/thopri/OceanTracerPINN/outputs/inference_fram/images/model_10m_map_2007_02.png
[   3.1s] 
============================================================
[   3.1s]   All outputs written to: /gws/ssde/j25a/nemo/vol4/thopri/OceanTracerPINN/outputs/inference_fram/
[   3.1s] ============================================================

Running inference for Year: 2007, Month: 03
[   0.5s] Loading config from: config/inference/infer_fram.yml
[   0.7s] 
============================================================
[   0.7s]  PINN Tracer Inference
[   0.7s] ============================================================
[   0.7s]   Device       : cuda
[   0.7s]   Checkpoint   : /gws/ssde/j25a/nemo/vol4/thopri/OceanTracerPINN/outputs/oxygen18/experiment2/pinn_oxygen18.pt
[   0.7s]   Ocean model  : FramStrait_adjusted_v_fulldepth.nc
[   0.7s]   Target time  : 2007-03
[   0.7s]   MC samples   : 100
[   0.7s]   Output dir   : /gws/ssde/j25a/nemo/vol4/thopri/OceanTracerPINN/outputs/inference_fram
[   0.7s]   Seed         : 42
[   0.7s] 
[   0.7s] ── Loading checkpoint ──────────────────────────────────────
  Checkpoint   : /gws/ssde/j25a/nemo/vol4/thopri/OceanTracerPINN/outputs/oxygen18/experiment2/pinn_oxygen18.pt
  Architecture : hidden_dim=256, n_blocks=4, n_features=9
  Features     : ['sigma0', 'spice', 'log_depth', 'lat_norm', 'lon_sin', 'lon_cos', 'log_speed', 'flow_sin', 'flow_cos']
[   0.9s] 
── Ocean model inference ────────────────────────────────────
[   0.9s]   Directory : FramStrait_adjusted_v_fulldepth.nc
[   0.9s]   Target    : 2007-03
[   1.3s]   Nearest time slice selected: 2007-03-15
  [infer] Valid ocean points: 59,400 / 155,610 (38.2%)

========== INFERENCE FEATURE DIAGNOSTICS ==========
Feature names:
   0: sigma0               raw min=      25.679 max=      28.116 mean=      27.899 std=     0.48812
   1: spice                raw min=     -2.2157 max=     0.39869 mean=    -0.15209 std=     0.47115
   2: log_depth            raw min=           0 max=       7.885 mean=      6.8831 std=      1.0084
   3: lat_norm             raw min=     0.98106 max=     0.98106 mean=     0.98106 std=  2.2204e-16
   4: lon_sin              raw min=    -0.35109 max=     0.20574 mean=   -0.074424 std=     0.16242
   5: lon_cos              raw min=     0.93634 max=           1 mean=     0.98376 std=    0.017144
   6: log_speed            raw min=  1.8579e-07 max=       0.267 mean=    0.053231 std=    0.044153
   7: flow_sin             raw min=    -0.90627 max=     0.89895 mean=  -0.0070888 std=     0.43318
   8: flow_cos             raw min=    -0.81725 max=     0.83746 mean=   -0.012033 std=     0.44032

Scaled features:
   0: sigma0               min=    0.014993 max=     0.96422 mean=     0.87955 std=      0.1903
   1: spice                min=   -0.098852 max=      1.0753 mean=      0.8279 std=     0.21186
   2: log_depth            min=     -2.6658 max=      1.7605 mean=     0.98958 std=     0.70816
   3: lat_norm             min=     0.78318 max=     0.78318 mean=     0.78318 std=  1.1102e-16
   4: lon_sin              min=   -0.080766 max=     0.93701 mean=     0.56968 std=     0.16194
   5: lon_cos              min=      1.7303 max=      1.8136 mean=      1.8082 std=   0.0094266
   6: log_speed            min=    -0.55068 max=       8.536 mean=      1.2609 std=      1.5026
   7: flow_sin             min=     -2.4114 max=      2.5626 mean=    0.034543 std=      1.9314
   8: flow_cos             min=      -1.202 max=      1.0909 mean=    -0.11323 std=     0.98696

Scaler:
  mean : [ 2.56404195e+01 -1.99561522e+00  4.73226155e+00  9.56743695e-01
 -2.98489116e-01 -3.12431518e-01  1.61812048e-02 -3.11072317e-02
  5.01891282e-02]
  scale: [2.56774538 2.22660291 1.77520492 0.03104935 0.53812981 0.72367611
 0.02938378 0.36293074 0.72166122]
====================================================


========== MODEL OUTPUT CHECK ==========
min  = -3.234375
max  = 1.369141
mean = 0.038273
std  = 0.597149
========================================
[   2.0s]   Saved NetCDF: /gws/ssde/j25a/nemo/vol4/thopri/OceanTracerPINN/outputs/inference_fram/netcdf/tracer_predicted_2007_03.nc
[   3.2s]   Saved: /gws/ssde/j25a/nemo/vol4/thopri/OceanTracerPINN/outputs/inference_fram/images/model_10m_map_2007_03.png
[   3.2s] 
============================================================
[   3.2s]   All outputs written to: /gws/ssde/j25a/nemo/vol4/thopri/OceanTracerPINN/outputs/inference_fram/
[   3.2s] ============================================================

Running inference for Year: 2007, Month: 04
[   0.6s] Loading config from: config/inference/infer_fram.yml
[   0.7s] 
============================================================
[   0.7s]  PINN Tracer Inference
[   0.7s] ============================================================
[   0.7s]   Device       : cuda
[   0.7s]   Checkpoint   : /gws/ssde/j25a/nemo/vol4/thopri/OceanTracerPINN/outputs/oxygen18/experiment2/pinn_oxygen18.pt
[   0.7s]   Ocean model  : FramStrait_adjusted_v_fulldepth.nc
[   0.7s]   Target time  : 2007-04
[   0.7s]   MC samples   : 100
[   0.7s]   Output dir   : /gws/ssde/j25a/nemo/vol4/thopri/OceanTracerPINN/outputs/inference_fram
[   0.7s]   Seed         : 42
[   0.7s] 
[   0.7s] ── Loading checkpoint ──────────────────────────────────────
  Checkpoint   : /gws/ssde/j25a/nemo/vol4/thopri/OceanTracerPINN/outputs/oxygen18/experiment2/pinn_oxygen18.pt
  Architecture : hidden_dim=256, n_blocks=4, n_features=9
  Features     : ['sigma0', 'spice', 'log_depth', 'lat_norm', 'lon_sin', 'lon_cos', 'log_speed', 'flow_sin', 'flow_cos']
[   0.9s] 
── Ocean model inference ────────────────────────────────────
[   0.9s]   Directory : FramStrait_adjusted_v_fulldepth.nc
[   0.9s]   Target    : 2007-04
[   1.4s]   Nearest time slice selected: 2007-04-15
  [infer] Valid ocean points: 59,400 / 155,610 (38.2%)

========== INFERENCE FEATURE DIAGNOSTICS ==========
Feature names:
   0: sigma0               raw min=      25.707 max=      28.116 mean=      27.903 std=     0.48287
   1: spice                raw min=     -2.1911 max=      0.4076 mean=    -0.15578 std=     0.46471
   2: log_depth            raw min=           0 max=       7.885 mean=      6.8831 std=      1.0084
   3: lat_norm             raw min=     0.98106 max=     0.98106 mean=     0.98106 std=  2.2204e-16
   4: lon_sin              raw min=    -0.35109 max=     0.20574 mean=   -0.074424 std=     0.16242
   5: lon_cos              raw min=     0.93634 max=           1 mean=     0.98376 std=    0.017144
   6: log_speed            raw min=   2.615e-07 max=     0.20647 mean=    0.047581 std=    0.031586
   7: flow_sin             raw min=    -0.90421 max=     0.90627 mean=   -0.047957 std=     0.43058
   8: flow_cos             raw min=    -0.81725 max=     0.83746 mean=    0.029122 std=     0.43952

Scaled features:
   0: sigma0               min=    0.025851 max=     0.96398 mean=     0.88081 std=     0.18825
   1: spice                min=     -0.0878 max=      1.0793 mean=     0.82624 std=     0.20896
   2: log_depth            min=     -2.6658 max=      1.7605 mean=     0.98958 std=     0.70816
   3: lat_norm             min=     0.78318 max=     0.78318 mean=     0.78318 std=  1.1102e-16
   4: lon_sin              min=   -0.080766 max=     0.93701 mean=     0.56968 std=     0.16194
   5: lon_cos              min=      1.7303 max=      1.8136 mean=      1.8082 std=   0.0094266
   6: log_speed            min=    -0.55068 max=      6.4759 mean=      1.0686 std=      1.0749
   7: flow_sin             min=     -2.4057 max=      2.5828 mean=    -0.26045 std=      1.9008
   8: flow_cos             min=      -1.202 max=      1.0909 mean=    0.036168 std=     0.98225

Scaler:
  mean : [ 2.56404195e+01 -1.99561522e+00  4.73226155e+00  9.56743695e-01
 -2.98489116e-01 -3.12431518e-01  1.61812048e-02 -3.11072317e-02
  5.01891282e-02]
  scale: [2.56774538 2.22660291 1.77520492 0.03104935 0.53812981 0.72367611
 0.02938378 0.36293074 0.72166122]
====================================================


========== MODEL OUTPUT CHECK ==========
min  = -3.232422
max  = 1.168945
mean = 0.040002
std  = 0.586642
========================================
[   2.1s]   Saved NetCDF: /gws/ssde/j25a/nemo/vol4/thopri/OceanTracerPINN/outputs/inference_fram/netcdf/tracer_predicted_2007_04.nc
[   3.3s]   Saved: /gws/ssde/j25a/nemo/vol4/thopri/OceanTracerPINN/outputs/inference_fram/images/model_10m_map_2007_04.png
[   3.3s] 
============================================================
[   3.3s]   All outputs written to: /gws/ssde/j25a/nemo/vol4/thopri/OceanTracerPINN/outputs/inference_fram/
[   3.3s] ============================================================

Running inference for Year: 2007, Month: 05
[   0.5s] Loading config from: config/inference/infer_fram.yml
[   0.7s] 
============================================================
[   0.7s]  PINN Tracer Inference
[   0.7s] ============================================================
[   0.7s]   Device       : cuda
[   0.7s]   Checkpoint   : /gws/ssde/j25a/nemo/vol4/thopri/OceanTracerPINN/outputs/oxygen18/experiment2/pinn_oxygen18.pt
[   0.7s]   Ocean model  : FramStrait_adjusted_v_fulldepth.nc
[   0.7s]   Target time  : 2007-05
[   0.7s]   MC samples   : 100
[   0.7s]   Output dir   : /gws/ssde/j25a/nemo/vol4/thopri/OceanTracerPINN/outputs/inference_fram
[   0.7s]   Seed         : 42
[   0.7s] 
[   0.7s] ── Loading checkpoint ──────────────────────────────────────
  Checkpoint   : /gws/ssde/j25a/nemo/vol4/thopri/OceanTracerPINN/outputs/oxygen18/experiment2/pinn_oxygen18.pt
  Architecture : hidden_dim=256, n_blocks=4, n_features=9
  Features     : ['sigma0', 'spice', 'log_depth', 'lat_norm', 'lon_sin', 'lon_cos', 'log_speed', 'flow_sin', 'flow_cos']
[   0.9s] 
── Ocean model inference ────────────────────────────────────
[   0.9s]   Directory : FramStrait_adjusted_v_fulldepth.nc
[   0.9s]   Target    : 2007-05
[   1.3s]   Nearest time slice selected: 2007-05-15
  [infer] Valid ocean points: 59,400 / 155,610 (38.2%)

========== INFERENCE FEATURE DIAGNOSTICS ==========
Feature names:
   0: sigma0               raw min=      25.781 max=      28.114 mean=        27.9 std=      0.4643
   1: spice                raw min=     -2.1292 max=     0.50859 mean=    -0.14113 std=     0.45607
   2: log_depth            raw min=           0 max=       7.885 mean=      6.8831 std=      1.0084
   3: lat_norm             raw min=     0.98106 max=     0.98106 mean=     0.98106 std=  2.2204e-16
   4: lon_sin              raw min=    -0.35109 max=     0.20574 mean=   -0.074424 std=     0.16242
   5: lon_cos              raw min=     0.93634 max=           1 mean=     0.98376 std=    0.017144
   6: log_speed            raw min=  6.3219e-07 max=     0.19945 mean=    0.030531 std=    0.027249
   7: flow_sin             raw min=    -0.89247 max=     0.90624 mean=   -0.069485 std=     0.42763
   8: flow_cos             raw min=    -0.81725 max=     0.83746 mean=    0.059674 std=     0.43643

Scaled features:
   0: sigma0               min=    0.054697 max=     0.96327 mean=     0.87985 std=     0.18101
   1: spice                min=   -0.059997 max=      1.1247 mean=     0.83284 std=     0.20508
   2: log_depth            min=     -2.6658 max=      1.7605 mean=     0.98958 std=     0.70816
   3: lat_norm             min=     0.78318 max=     0.78318 mean=     0.78318 std=  1.1102e-16
   4: lon_sin              min=   -0.080766 max=     0.93701 mean=     0.56968 std=     0.16194
   5: lon_cos              min=      1.7303 max=      1.8136 mean=      1.8082 std=   0.0094266
   6: log_speed            min=    -0.55066 max=       6.237 mean=     0.48837 std=     0.92736
   7: flow_sin             min=     -2.3734 max=      2.5827 mean=    -0.41584 std=      1.8659
   8: flow_cos             min=      -1.202 max=      1.0909 mean=     0.14707 std=     0.96388

Scaler:
  mean : [ 2.56404195e+01 -1.99561522e+00  4.73226155e+00  9.56743695e-01
 -2.98489116e-01 -3.12431518e-01  1.61812048e-02 -3.11072317e-02
  5.01891282e-02]
  scale: [2.56774538 2.22660291 1.77520492 0.03104935 0.53812981 0.72367611
 0.02938378 0.36293074 0.72166122]
====================================================


========== MODEL OUTPUT CHECK ==========
min  = -3.185547
max  = 1.157227
mean = 0.050411
std  = 0.574098
========================================
[   2.0s]   Saved NetCDF: /gws/ssde/j25a/nemo/vol4/thopri/OceanTracerPINN/outputs/inference_fram/netcdf/tracer_predicted_2007_05.nc
[   3.1s]   Saved: /gws/ssde/j25a/nemo/vol4/thopri/OceanTracerPINN/outputs/inference_fram/images/model_10m_map_2007_05.png
[   3.1s] 
============================================================
[   3.1s]   All outputs written to: /gws/ssde/j25a/nemo/vol4/thopri/OceanTracerPINN/outputs/inference_fram/
[   3.1s] ============================================================

Running inference for Year: 2007, Month: 06
[   0.5s] Loading config from: config/inference/infer_fram.yml
[   0.7s] 
============================================================
[   0.7s]  PINN Tracer Inference
[   0.7s] ============================================================
[   0.7s]   Device       : cuda
[   0.7s]   Checkpoint   : /gws/ssde/j25a/nemo/vol4/thopri/OceanTracerPINN/outputs/oxygen18/experiment2/pinn_oxygen18.pt
[   0.7s]   Ocean model  : FramStrait_adjusted_v_fulldepth.nc
[   0.7s]   Target time  : 2007-06
[   0.7s]   MC samples   : 100
[   0.7s]   Output dir   : /gws/ssde/j25a/nemo/vol4/thopri/OceanTracerPINN/outputs/inference_fram
[   0.7s]   Seed         : 42
[   0.7s] 
[   0.7s] ── Loading checkpoint ──────────────────────────────────────
  Checkpoint   : /gws/ssde/j25a/nemo/vol4/thopri/OceanTracerPINN/outputs/oxygen18/experiment2/pinn_oxygen18.pt
  Architecture : hidden_dim=256, n_blocks=4, n_features=9
  Features     : ['sigma0', 'spice', 'log_depth', 'lat_norm', 'lon_sin', 'lon_cos', 'log_speed', 'flow_sin', 'flow_cos']
[   0.9s] 
── Ocean model inference ────────────────────────────────────
[   0.9s]   Directory : FramStrait_adjusted_v_fulldepth.nc
[   0.9s]   Target    : 2007-06
[   1.3s]   Nearest time slice selected: 2007-06-15
  [infer] Valid ocean points: 59,400 / 155,610 (38.2%)

========== INFERENCE FEATURE DIAGNOSTICS ==========
Feature names:
   0: sigma0               raw min=      25.727 max=      28.101 mean=      27.903 std=     0.43478
   1: spice                raw min=     -2.1733 max=     0.57867 mean=    -0.12514 std=     0.43591
   2: log_depth            raw min=           0 max=       7.885 mean=      6.8831 std=      1.0084
   3: lat_norm             raw min=     0.98106 max=     0.98106 mean=     0.98106 std=  2.2204e-16
   4: lon_sin              raw min=    -0.35109 max=     0.20574 mean=   -0.074424 std=     0.16242
   5: lon_cos              raw min=     0.93634 max=           1 mean=     0.98376 std=    0.017144
   6: log_speed            raw min=  8.5336e-07 max=      0.2208 mean=    0.025277 std=    0.025341
   7: flow_sin             raw min=     -0.8766 max=     0.90627 mean=   -0.046929 std=     0.43069
   8: flow_cos             raw min=    -0.81445 max=     0.83746 mean=    0.043857 std=      0.4383

Scaled features:
   0: sigma0               min=    0.033534 max=     0.95815 mean=     0.88092 std=     0.16949
   1: spice                min=    -0.07981 max=      1.1561 mean=     0.84003 std=     0.19602
   2: log_depth            min=     -2.6658 max=      1.7605 mean=     0.98958 std=     0.70816
   3: lat_norm             min=     0.78318 max=     0.78318 mean=     0.78318 std=  1.1102e-16
   4: lon_sin              min=   -0.080766 max=     0.93701 mean=     0.56968 std=     0.16194
   5: lon_cos              min=      1.7303 max=      1.8136 mean=      1.8082 std=   0.0094266
   6: log_speed            min=    -0.55066 max=      6.9637 mean=     0.30956 std=      0.8624
   7: flow_sin             min=     -2.3296 max=      2.5828 mean=    -0.25303 std=      1.9022
   8: flow_cos             min=     -1.1981 max=      1.0909 mean=    0.089657 std=     0.97501

Scaler:
  mean : [ 2.56404195e+01 -1.99561522e+00  4.73226155e+00  9.56743695e-01
 -2.98489116e-01 -3.12431518e-01  1.61812048e-02 -3.11072317e-02
  5.01891282e-02]
  scale: [2.56774538 2.22660291 1.77520492 0.03104935 0.53812981 0.72367611
 0.02938378 0.36293074 0.72166122]
====================================================


========== MODEL OUTPUT CHECK ==========
min  = -3.132812
max  = 1.076172
mean = 0.062746
std  = 0.539391
========================================
[   2.0s]   Saved NetCDF: /gws/ssde/j25a/nemo/vol4/thopri/OceanTracerPINN/outputs/inference_fram/netcdf/tracer_predicted_2007_06.nc
[   3.1s]   Saved: /gws/ssde/j25a/nemo/vol4/thopri/OceanTracerPINN/outputs/inference_fram/images/model_10m_map_2007_06.png
[   3.1s] 
============================================================
[   3.1s]   All outputs written to: /gws/ssde/j25a/nemo/vol4/thopri/OceanTracerPINN/outputs/inference_fram/
[   3.1s] ============================================================

Running inference for Year: 2007, Month: 07
[   0.5s] Loading config from: config/inference/infer_fram.yml
[   0.7s] 
============================================================
[   0.7s]  PINN Tracer Inference
[   0.7s] ============================================================
[   0.7s]   Device       : cuda
[   0.7s]   Checkpoint   : /gws/ssde/j25a/nemo/vol4/thopri/OceanTracerPINN/outputs/oxygen18/experiment2/pinn_oxygen18.pt
[   0.7s]   Ocean model  : FramStrait_adjusted_v_fulldepth.nc
[   0.7s]   Target time  : 2007-07
[   0.7s]   MC samples   : 100
[   0.7s]   Output dir   : /gws/ssde/j25a/nemo/vol4/thopri/OceanTracerPINN/outputs/inference_fram
[   0.7s]   Seed         : 42
[   0.7s] 
[   0.7s] ── Loading checkpoint ──────────────────────────────────────
  Checkpoint   : /gws/ssde/j25a/nemo/vol4/thopri/OceanTracerPINN/outputs/oxygen18/experiment2/pinn_oxygen18.pt
  Architecture : hidden_dim=256, n_blocks=4, n_features=9
  Features     : ['sigma0', 'spice', 'log_depth', 'lat_norm', 'lon_sin', 'lon_cos', 'log_speed', 'flow_sin', 'flow_cos']
[   0.9s] 
── Ocean model inference ────────────────────────────────────
[   0.9s]   Directory : FramStrait_adjusted_v_fulldepth.nc
[   0.9s]   Target    : 2007-07
[   1.3s]   Nearest time slice selected: 2007-07-15
  [infer] Valid ocean points: 59,400 / 155,610 (38.2%)

========== INFERENCE FEATURE DIAGNOSTICS ==========
Feature names:
   0: sigma0               raw min=      25.662 max=      28.093 mean=       27.93 std=     0.33279
   1: spice                raw min=     -2.2197 max=     0.85694 mean=   -0.094379 std=     0.35648
   2: log_depth            raw min=           0 max=       7.885 mean=      6.8831 std=      1.0084
   3: lat_norm             raw min=     0.98106 max=     0.98106 mean=     0.98106 std=  2.2204e-16
   4: lon_sin              raw min=    -0.35109 max=     0.20574 mean=   -0.074424 std=     0.16242
   5: lon_cos              raw min=     0.93634 max=           1 mean=     0.98376 std=    0.017144
   6: log_speed            raw min=  1.7408e-06 max=     0.25438 mean=    0.022109 std=    0.024116
   7: flow_sin             raw min=    -0.90421 max=     0.90627 mean=   -0.044652 std=     0.43093
   8: flow_cos             raw min=    -0.83746 max=     0.83102 mean=    0.036484 std=     0.43897

Scaled features:
   0: sigma0               min=   0.0082654 max=     0.95491 mean=     0.89141 std=     0.12973
   1: spice                min=    -0.10063 max=      1.2811 mean=     0.85388 std=      0.1603
   2: log_depth            min=     -2.6658 max=      1.7605 mean=     0.98958 std=     0.70816
   3: lat_norm             min=     0.78318 max=     0.78318 mean=     0.78318 std=  1.1102e-16
   4: lon_sin              min=   -0.080766 max=     0.93701 mean=     0.56968 std=     0.16194
   5: lon_cos              min=      1.7303 max=      1.8136 mean=      1.8082 std=   0.0094266
   6: log_speed            min=    -0.55063 max=      8.1064 mean=     0.20174 std=     0.82072
   7: flow_sin             min=     -2.4057 max=      2.5828 mean=    -0.23659 std=       1.905
   8: flow_cos             min=       -1.23 max=       1.082 mean=    0.062895 std=     0.97901

Scaler:
  mean : [ 2.56404195e+01 -1.99561522e+00  4.73226155e+00  9.56743695e-01
 -2.98489116e-01 -3.12431518e-01  1.61812048e-02 -3.11072317e-02
  5.01891282e-02]
  scale: [2.56774538 2.22660291 1.77520492 0.03104935 0.53812981 0.72367611
 0.02938378 0.36293074 0.72166122]
====================================================


========== MODEL OUTPUT CHECK ==========
min  = -2.960938
max  = 0.961914
mean = 0.092375
std  = 0.466385
========================================
[   2.0s]   Saved NetCDF: /gws/ssde/j25a/nemo/vol4/thopri/OceanTracerPINN/outputs/inference_fram/netcdf/tracer_predicted_2007_07.nc
[   3.1s]   Saved: /gws/ssde/j25a/nemo/vol4/thopri/OceanTracerPINN/outputs/inference_fram/images/model_10m_map_2007_07.png
[   3.1s] 
============================================================
[   3.1s]   All outputs written to: /gws/ssde/j25a/nemo/vol4/thopri/OceanTracerPINN/outputs/inference_fram/
[   3.1s] ============================================================

Running inference for Year: 2007, Month: 08
[   0.5s] Loading config from: config/inference/infer_fram.yml
[   0.7s] 
============================================================
[   0.7s]  PINN Tracer Inference
[   0.7s] ============================================================
[   0.7s]   Device       : cuda
[   0.7s]   Checkpoint   : /gws/ssde/j25a/nemo/vol4/thopri/OceanTracerPINN/outputs/oxygen18/experiment2/pinn_oxygen18.pt
[   0.7s]   Ocean model  : FramStrait_adjusted_v_fulldepth.nc
[   0.7s]   Target time  : 2007-08
[   0.7s]   MC samples   : 100
[   0.7s]   Output dir   : /gws/ssde/j25a/nemo/vol4/thopri/OceanTracerPINN/outputs/inference_fram
[   0.7s]   Seed         : 42
[   0.7s] 
[   0.7s] ── Loading checkpoint ──────────────────────────────────────
  Checkpoint   : /gws/ssde/j25a/nemo/vol4/thopri/OceanTracerPINN/outputs/oxygen18/experiment2/pinn_oxygen18.pt
  Architecture : hidden_dim=256, n_blocks=4, n_features=9
  Features     : ['sigma0', 'spice', 'log_depth', 'lat_norm', 'lon_sin', 'lon_cos', 'log_speed', 'flow_sin', 'flow_cos']
[   1.3s] 
── Ocean model inference ────────────────────────────────────
[   1.3s]   Directory : FramStrait_adjusted_v_fulldepth.nc
[   1.3s]   Target    : 2007-08
[   1.7s]   Nearest time slice selected: 2007-08-15
  [infer] Valid ocean points: 59,400 / 155,610 (38.2%)

========== INFERENCE FEATURE DIAGNOSTICS ==========
Feature names:
   0: sigma0               raw min=      24.685 max=        28.1 mean=      27.937 std=     0.30524
   1: spice                raw min=     -3.0577 max=     0.85735 mean=   -0.084543 std=     0.33528
   2: log_depth            raw min=           0 max=       7.885 mean=      6.8831 std=      1.0084
   3: lat_norm             raw min=     0.98106 max=     0.98106 mean=     0.98106 std=  2.2204e-16
   4: lon_sin              raw min=    -0.35109 max=     0.20574 mean=   -0.074424 std=     0.16242
   5: lon_cos              raw min=     0.93634 max=           1 mean=     0.98376 std=    0.017144
   6: log_speed            raw min=  2.8296e-06 max=     0.23894 mean=    0.028188 std=    0.026342
   7: flow_sin             raw min=    -0.90421 max=     0.90627 mean=  -0.0050614 std=     0.43321
   8: flow_cos             raw min=    -0.83746 max=     0.81304 mean=  -0.0069514 std=     0.44043

Scaled features:
   0: sigma0               min=    -0.37207 max=     0.95778 mean=     0.89437 std=     0.11899
   1: spice                min=    -0.47699 max=      1.2813 mean=     0.85831 std=     0.15077
   2: log_depth            min=     -2.6658 max=      1.7605 mean=     0.98958 std=     0.70816
   3: lat_norm             min=     0.78318 max=     0.78318 mean=     0.78318 std=  1.1102e-16
   4: lon_sin              min=   -0.080766 max=     0.93701 mean=     0.56968 std=     0.16194
   5: lon_cos              min=      1.7303 max=      1.8136 mean=      1.8082 std=   0.0094266
   6: log_speed            min=    -0.55059 max=      7.5812 mean=     0.40863 std=     0.89649
   7: flow_sin             min=     -2.4057 max=      2.5828 mean=    0.049177 std=      1.9318
   8: flow_cos             min=       -1.23 max=      1.0571 mean=   -0.094781 std=      0.9876

Scaler:
  mean : [ 2.56404195e+01 -1.99561522e+00  4.73226155e+00  9.56743695e-01
 -2.98489116e-01 -3.12431518e-01  1.61812048e-02 -3.11072317e-02
  5.01891282e-02]
  scale: [2.56774538 2.22660291 1.77520492 0.03104935 0.53812981 0.72367611
 0.02938378 0.36293074 0.72166122]
====================================================


========== MODEL OUTPUT CHECK ==========
min  = -2.833984
max  = 0.951172
mean = 0.102694
std  = 0.430500
========================================
[   3.0s]   Saved NetCDF: /gws/ssde/j25a/nemo/vol4/thopri/OceanTracerPINN/outputs/inference_fram/netcdf/tracer_predicted_2007_08.nc
[   4.1s]   Saved: /gws/ssde/j25a/nemo/vol4/thopri/OceanTracerPINN/outputs/inference_fram/images/model_10m_map_2007_08.png
[   4.1s] 
============================================================
[   4.1s]   All outputs written to: /gws/ssde/j25a/nemo/vol4/thopri/OceanTracerPINN/outputs/inference_fram/
[   4.1s] ============================================================

Running inference for Year: 2007, Month: 09
[   0.5s] Loading config from: config/inference/infer_fram.yml
[   0.7s] 
============================================================
[   0.7s]  PINN Tracer Inference
[   0.7s] ============================================================
[   0.7s]   Device       : cuda
[   0.7s]   Checkpoint   : /gws/ssde/j25a/nemo/vol4/thopri/OceanTracerPINN/outputs/oxygen18/experiment2/pinn_oxygen18.pt
[   0.7s]   Ocean model  : FramStrait_adjusted_v_fulldepth.nc
[   0.7s]   Target time  : 2007-09
[   0.7s]   MC samples   : 100
[   0.7s]   Output dir   : /gws/ssde/j25a/nemo/vol4/thopri/OceanTracerPINN/outputs/inference_fram
[   0.7s]   Seed         : 42
[   0.7s] 
[   0.7s] ── Loading checkpoint ──────────────────────────────────────
  Checkpoint   : /gws/ssde/j25a/nemo/vol4/thopri/OceanTracerPINN/outputs/oxygen18/experiment2/pinn_oxygen18.pt
  Architecture : hidden_dim=256, n_blocks=4, n_features=9
  Features     : ['sigma0', 'spice', 'log_depth', 'lat_norm', 'lon_sin', 'lon_cos', 'log_speed', 'flow_sin', 'flow_cos']
[   0.9s] 
── Ocean model inference ────────────────────────────────────
[   0.9s]   Directory : FramStrait_adjusted_v_fulldepth.nc
[   0.9s]   Target    : 2007-09
[   1.3s]   Nearest time slice selected: 2007-09-15
  [infer] Valid ocean points: 59,400 / 155,610 (38.2%)

========== INFERENCE FEATURE DIAGNOSTICS ==========
Feature names:
   0: sigma0               raw min=      22.747 max=      28.093 mean=      27.897 std=     0.43583
   1: spice                raw min=     -4.7083 max=     0.66801 mean=    -0.12255 std=     0.43637
   2: log_depth            raw min=           0 max=       7.885 mean=      6.8831 std=      1.0084
   3: lat_norm             raw min=     0.98106 max=     0.98106 mean=     0.98106 std=  2.2204e-16
   4: lon_sin              raw min=    -0.35109 max=     0.20574 mean=   -0.074424 std=     0.16242
   5: lon_cos              raw min=     0.93634 max=           1 mean=     0.98376 std=    0.017144
   6: log_speed            raw min=   9.109e-07 max=     0.24084 mean=    0.027301 std=     0.02506
   7: flow_sin             raw min=    -0.90627 max=     0.89788 mean=   -0.057844 std=     0.42936
   8: flow_cos             raw min=    -0.83238 max=     0.83746 mean=    0.049554 std=     0.43769

Scaled features:
   0: sigma0               min=     -1.1267 max=       0.955 mean=     0.87852 std=      0.1699
   1: spice                min=     -1.2183 max=      1.1963 mean=      0.8412 std=     0.19622
   2: log_depth            min=     -2.6658 max=      1.7605 mean=     0.98958 std=     0.70816
   3: lat_norm             min=     0.78318 max=     0.78318 mean=     0.78318 std=  1.1102e-16
   4: lon_sin              min=   -0.080766 max=     0.93701 mean=     0.56968 std=     0.16194
   5: lon_cos              min=      1.7303 max=      1.8136 mean=      1.8082 std=   0.0094266
   6: log_speed            min=    -0.55065 max=      7.6455 mean=     0.37844 std=     0.85284
   7: flow_sin             min=     -2.4114 max=      2.5597 mean=    -0.33182 std=      1.8864
   8: flow_cos             min=      -1.223 max=      1.0909 mean=     0.11034 std=     0.97141

Scaler:
  mean : [ 2.56404195e+01 -1.99561522e+00  4.73226155e+00  9.56743695e-01
 -2.98489116e-01 -3.12431518e-01  1.61812048e-02 -3.11072317e-02
  5.01891282e-02]
  scale: [2.56774538 2.22660291 1.77520492 0.03104935 0.53812981 0.72367611
 0.02938378 0.36293074 0.72166122]
====================================================


========== MODEL OUTPUT CHECK ==========
min  = -4.105469
max  = 0.985352
mean = 0.054808
std  = 0.538680
========================================
[   2.0s]   Saved NetCDF: /gws/ssde/j25a/nemo/vol4/thopri/OceanTracerPINN/outputs/inference_fram/netcdf/tracer_predicted_2007_09.nc
[   3.1s]   Saved: /gws/ssde/j25a/nemo/vol4/thopri/OceanTracerPINN/outputs/inference_fram/images/model_10m_map_2007_09.png
[   3.1s] 
============================================================
[   3.1s]   All outputs written to: /gws/ssde/j25a/nemo/vol4/thopri/OceanTracerPINN/outputs/inference_fram/
[   3.1s] ============================================================

Running inference for Year: 2007, Month: 10
[   0.5s] Loading config from: config/inference/infer_fram.yml
[   0.7s] 
============================================================
[   0.7s]  PINN Tracer Inference
[   0.7s] ============================================================
[   0.7s]   Device       : cuda
[   0.7s]   Checkpoint   : /gws/ssde/j25a/nemo/vol4/thopri/OceanTracerPINN/outputs/oxygen18/experiment2/pinn_oxygen18.pt
[   0.7s]   Ocean model  : FramStrait_adjusted_v_fulldepth.nc
[   0.7s]   Target time  : 2007-10
[   0.7s]   MC samples   : 100
[   0.7s]   Output dir   : /gws/ssde/j25a/nemo/vol4/thopri/OceanTracerPINN/outputs/inference_fram
[   0.7s]   Seed         : 42
[   0.7s] 
[   0.7s] ── Loading checkpoint ──────────────────────────────────────
  Checkpoint   : /gws/ssde/j25a/nemo/vol4/thopri/OceanTracerPINN/outputs/oxygen18/experiment2/pinn_oxygen18.pt
  Architecture : hidden_dim=256, n_blocks=4, n_features=9
  Features     : ['sigma0', 'spice', 'log_depth', 'lat_norm', 'lon_sin', 'lon_cos', 'log_speed', 'flow_sin', 'flow_cos']
[   0.9s] 
── Ocean model inference ────────────────────────────────────
[   0.9s]   Directory : FramStrait_adjusted_v_fulldepth.nc
[   0.9s]   Target    : 2007-10
[   1.3s]   Nearest time slice selected: 2007-10-15
  [infer] Valid ocean points: 59,400 / 155,610 (38.2%)

========== INFERENCE FEATURE DIAGNOSTICS ==========
Feature names:
   0: sigma0               raw min=      23.145 max=      28.094 mean=      27.894 std=     0.44593
   1: spice                raw min=     -4.3685 max=      0.5669 mean=    -0.13135 std=      0.4421
   2: log_depth            raw min=           0 max=       7.885 mean=      6.8831 std=      1.0084
   3: lat_norm             raw min=     0.98106 max=     0.98106 mean=     0.98106 std=  2.2204e-16
   4: lon_sin              raw min=    -0.35109 max=     0.20574 mean=   -0.074424 std=     0.16242
   5: lon_cos              raw min=     0.93634 max=           1 mean=     0.98376 std=    0.017144
   6: log_speed            raw min=  1.6237e-07 max=     0.25014 mean=    0.032652 std=    0.028577
   7: flow_sin             raw min=    -0.90421 max=     0.90626 mean=   -0.058134 std=     0.42932
   8: flow_cos             raw min=    -0.82283 max=     0.83746 mean=    0.047766 std=     0.43789

Scaled features:
   0: sigma0               min=    -0.97195 max=     0.95536 mean=     0.87742 std=     0.17384
   1: spice                min=     -1.0657 max=      1.1509 mean=     0.83724 std=      0.1988
   2: log_depth            min=     -2.6658 max=      1.7605 mean=     0.98958 std=     0.70816
   3: lat_norm             min=     0.78318 max=     0.78318 mean=     0.78318 std=  1.1102e-16
   4: lon_sin              min=   -0.080766 max=     0.93701 mean=     0.56968 std=     0.16194
   5: lon_cos              min=      1.7303 max=      1.8136 mean=      1.8082 std=   0.0094266
   6: log_speed            min=    -0.55068 max=      7.9621 mean=     0.56053 std=     0.97253
   7: flow_sin             min=     -2.4057 max=      2.5828 mean=    -0.33391 std=       1.886
   8: flow_cos             min=     -1.2097 max=      1.0909 mean=     0.10385 std=     0.97259

Scaler:
  mean : [ 2.56404195e+01 -1.99561522e+00  4.73226155e+00  9.56743695e-01
 -2.98489116e-01 -3.12431518e-01  1.61812048e-02 -3.11072317e-02
  5.01891282e-02]
  scale: [2.56774538 2.22660291 1.77520492 0.03104935 0.53812981 0.72367611
 0.02938378 0.36293074 0.72166122]
====================================================


========== MODEL OUTPUT CHECK ==========
min  = -3.630859
max  = 1.016602
mean = 0.052179
std  = 0.553435
========================================
[   2.0s]   Saved NetCDF: /gws/ssde/j25a/nemo/vol4/thopri/OceanTracerPINN/outputs/inference_fram/netcdf/tracer_predicted_2007_10.nc
[   3.1s]   Saved: /gws/ssde/j25a/nemo/vol4/thopri/OceanTracerPINN/outputs/inference_fram/images/model_10m_map_2007_10.png
[   3.1s] 
============================================================
[   3.1s]   All outputs written to: /gws/ssde/j25a/nemo/vol4/thopri/OceanTracerPINN/outputs/inference_fram/
[   3.1s] ============================================================

Running inference for Year: 2007, Month: 11
[   0.5s] Loading config from: config/inference/infer_fram.yml
[   0.7s] 
============================================================
[   0.7s]  PINN Tracer Inference
[   0.7s] ============================================================
[   0.7s]   Device       : cuda
[   0.7s]   Checkpoint   : /gws/ssde/j25a/nemo/vol4/thopri/OceanTracerPINN/outputs/oxygen18/experiment2/pinn_oxygen18.pt
[   0.7s]   Ocean model  : FramStrait_adjusted_v_fulldepth.nc
[   0.7s]   Target time  : 2007-11
[   0.7s]   MC samples   : 100
[   0.7s]   Output dir   : /gws/ssde/j25a/nemo/vol4/thopri/OceanTracerPINN/outputs/inference_fram
[   0.7s]   Seed         : 42
[   0.7s] 
[   0.7s] ── Loading checkpoint ──────────────────────────────────────
  Checkpoint   : /gws/ssde/j25a/nemo/vol4/thopri/OceanTracerPINN/outputs/oxygen18/experiment2/pinn_oxygen18.pt
  Architecture : hidden_dim=256, n_blocks=4, n_features=9
  Features     : ['sigma0', 'spice', 'log_depth', 'lat_norm', 'lon_sin', 'lon_cos', 'log_speed', 'flow_sin', 'flow_cos']
[   0.9s] 
── Ocean model inference ────────────────────────────────────
[   0.9s]   Directory : FramStrait_adjusted_v_fulldepth.nc
[   0.9s]   Target    : 2007-11
[   1.3s]   Nearest time slice selected: 2007-11-15
  [infer] Valid ocean points: 59,400 / 155,610 (38.2%)

========== INFERENCE FEATURE DIAGNOSTICS ==========
Feature names:
   0: sigma0               raw min=      24.427 max=      28.096 mean=      27.918 std=     0.37221
   1: spice                raw min=     -3.2811 max=     0.52451 mean=    -0.11979 std=     0.38036
   2: log_depth            raw min=           0 max=       7.885 mean=      6.8831 std=      1.0084
   3: lat_norm             raw min=     0.98106 max=     0.98106 mean=     0.98106 std=  2.2204e-16
   4: lon_sin              raw min=    -0.35109 max=     0.20574 mean=   -0.074424 std=     0.16242
   5: lon_cos              raw min=     0.93634 max=           1 mean=     0.98376 std=    0.017144
   6: log_speed            raw min=  3.4669e-08 max=     0.16754 mean=    0.036622 std=    0.029174
   7: flow_sin             raw min=    -0.90628 max=     0.89788 mean=   -0.093348 std=     0.42306
   8: flow_cos             raw min=    -0.83746 max=     0.83238 mean=    0.074857 std=     0.43408

Scaled features:
   0: sigma0               min=    -0.47243 max=     0.95623 mean=      0.8867 std=      0.1451
   1: spice                min=    -0.57734 max=      1.1318 mean=     0.84244 std=     0.17104
   2: log_depth            min=     -2.6658 max=      1.7605 mean=     0.98958 std=     0.70816
   3: lat_norm             min=     0.78318 max=     0.78318 mean=     0.78318 std=  1.1102e-16
   4: lon_sin              min=   -0.080766 max=     0.93701 mean=     0.56968 std=     0.16194
   5: lon_cos              min=      1.7303 max=      1.8136 mean=      1.8082 std=   0.0094266
   6: log_speed            min=    -0.55068 max=      5.1513 mean=     0.69565 std=     0.99284
   7: flow_sin             min=     -2.4114 max=      2.5597 mean=    -0.58809 std=      1.8108
   8: flow_cos             min=       -1.23 max=      1.0839 mean=     0.20219 std=     0.94982

Scaler:
  mean : [ 2.56404195e+01 -1.99561522e+00  4.73226155e+00  9.56743695e-01
 -2.98489116e-01 -3.12431518e-01  1.61812048e-02 -3.11072317e-02
  5.01891282e-02]
  scale: [2.56774538 2.22660291 1.77520492 0.03104935 0.53812981 0.72367611
 0.02938378 0.36293074 0.72166122]
====================================================


========== MODEL OUTPUT CHECK ==========
min  = -2.888672
max  = 1.188477
mean = 0.068908
std  = 0.489360
========================================
[   2.0s]   Saved NetCDF: /gws/ssde/j25a/nemo/vol4/thopri/OceanTracerPINN/outputs/inference_fram/netcdf/tracer_predicted_2007_11.nc
[   3.1s]   Saved: /gws/ssde/j25a/nemo/vol4/thopri/OceanTracerPINN/outputs/inference_fram/images/model_10m_map_2007_11.png
[   3.1s] 
============================================================
[   3.1s]   All outputs written to: /gws/ssde/j25a/nemo/vol4/thopri/OceanTracerPINN/outputs/inference_fram/
[   3.1s] ============================================================

Running inference for Year: 2007, Month: 12
[   0.5s] Loading config from: config/inference/infer_fram.yml
[   0.6s] 
============================================================
[   0.6s]  PINN Tracer Inference
[   0.6s] ============================================================
[   0.6s]   Device       : cuda
[   0.6s]   Checkpoint   : /gws/ssde/j25a/nemo/vol4/thopri/OceanTracerPINN/outputs/oxygen18/experiment2/pinn_oxygen18.pt
[   0.6s]   Ocean model  : FramStrait_adjusted_v_fulldepth.nc
[   0.6s]   Target time  : 2007-12
[   0.6s]   MC samples   : 100
[   0.6s]   Output dir   : /gws/ssde/j25a/nemo/vol4/thopri/OceanTracerPINN/outputs/inference_fram
[   0.6s]   Seed         : 42
[   0.6s] 
[   0.6s] ── Loading checkpoint ──────────────────────────────────────
  Checkpoint   : /gws/ssde/j25a/nemo/vol4/thopri/OceanTracerPINN/outputs/oxygen18/experiment2/pinn_oxygen18.pt
  Architecture : hidden_dim=256, n_blocks=4, n_features=9
  Features     : ['sigma0', 'spice', 'log_depth', 'lat_norm', 'lon_sin', 'lon_cos', 'log_speed', 'flow_sin', 'flow_cos']
[   0.8s] 
── Ocean model inference ────────────────────────────────────
[   0.8s]   Directory : FramStrait_adjusted_v_fulldepth.nc
[   0.8s]   Target    : 2007-12
[2026-09-03T08:54:50.429] error: *** JOB 49208773 ON gpuhost003 CANCELLED AT 2026-09-03T08:54:50 DUE to SIGNAL Terminated ***
